LP,Substancja czynna,Nazwa  postać i dawka leku,Zawartość opakowania,Numer GTIN lub inny kod jednoznacznie identyfikujący produkt,Termin wejścia w życie decyzji,Okres obowiązywania decyzji,Grupa limitowa,Urzędowa cena zbytu,Cena hurtowa brutto,Wysokość limitu finansowania,Oznaczenie załącznika zawierającego zakres wskazań objętych refundacją  wg ICD 10 ,Poziom odpłatności,Wysokość dopłaty świadczeniobiorcy
1,Acidum levofolinicum,"Levofolic, roztwór do wstrzykiwań i infuzji, 50 mg/ml",1 fiol.po 4 ml,05909990648818,2019-07-01,3 lata,"1093.0, pochodne i sole kwasu folinowego","56,16","58,97","58,97",C.0.01.,bezpłatny,0
2,Acidum levofolinicum,"Levofolic, roztwór do wstrzykiwań i infuzji, 50 mg/ml",1 fiol.po 9 ml,05909990648825,2019-07-01,3 lata,"1093.0, pochodne i sole kwasu folinowego","126,36","132,68","132,68",C.0.01.,bezpłatny,0
3,Acidum zoledronicum,"Desinobon, koncentrat do sporządzania roztworu do infuzji, 4 mg/5 ml",1 fiol.po 5 ml,05909991009250,2018-07-01,3 lata,"1117.0, bisfosfoniany - kwas zoledronowy","97,20","102,06","96,39",C.68.,bezpłatny,0
5,Acidum zoledronicum,"Fayton, roztwór do infuzji, 4 mg/100 ml",1 fiol.po 100 ml,05909991078577,2018-07-01,3 lata,"1117.0, bisfosfoniany - kwas zoledronowy","91,80","96,39","96,39",C.68.,bezpłatny,0
4,Acidum zoledronicum,"Fayton, koncentrat do sporządzania roztworu do infuzji, 4 mg/5 ml",1 fiol.po 5 ml,05909991016197,2018-07-01,3 lata,"1117.0, bisfosfoniany - kwas zoledronowy","91,80","96,39","96,39",C.68.,bezpłatny,0
6,Acidum zoledronicum,"Osporil, roztwór do infuzji, 4 mg/100 ml",1 fiol.po 100 ml,05909991228392,2018-05-01,3 lata,"1117.0, bisfosfoniany - kwas zoledronowy","91,80","96,39","96,39",C.68.,bezpłatny,0
7,Acidum zoledronicum,"Zoledronic acid Accord, koncentrat do sporządzania roztworu do infuzji, 4 mg/5 ml",1 fiol.,05055565711958,2019-01-01,3 lata,"1117.0, bisfosfoniany - kwas zoledronowy","83,16","87,32","87,32",C.68.,bezpłatny,0
8,Acidum zoledronicum,"Zomikos, koncentrat do sporządzania roztworu do infuzji, 4 mg/5 ml",1 fiol.po 5 ml,05909990948994,2018-07-01,3 lata,"1117.0, bisfosfoniany - kwas zoledronowy","95,04","99,79","96,39",C.68.,bezpłatny,0
9,Anagrelidum,"Anagrelid Aurovitas, kapsułki twarde, 0,5 mg",100 szt.,05909991386436,2020-11-01,3 lata,"1053.0, Anagrelidum","410,40","430,92","430,92",C.72.,bezpłatny,0
10,Anagrelidum,"Anagrelide Accord, kapsułki twarde, 0,5 mg",100 szt.,05909991359850,2018-11-01,3 lata,"1053.0, Anagrelidum","810,00","850,50","805,14",C.72.,bezpłatny,0
11,Anagrelidum,"Anagrelide Accord, kapsułki twarde, 1 mg",100 szt.,05909991359867,2018-11-01,3 lata,"1053.0, Anagrelidum","1620,00","1701,00","1610,28",C.72.,bezpłatny,0
12,Anagrelidum,"Anagrelide Bioton, kapsułki twarde, 0,5 mg",100 kaps.,05909991362157,2019-03-01,3 lata,"1053.0, Anagrelidum","550,80","578,34","578,34",C.72.,bezpłatny,0
13,Anagrelidum,"Anagrelide Glenmark, kapsułki twarde, 0,5 mg",100 szt.,05902020241652,2018-11-01,3 lata,"1053.0, Anagrelidum","766,80","805,14","805,14",C.72.,bezpłatny,0
14,Anagrelidum,"Anagrelide Mylan, kapsułki twarde, 0,5 mg",100 kaps.,05901797710033,2019-03-01,3 lata,"1053.0, Anagrelidum","648,00","680,40","680,40",C.72.,bezpłatny,0
15,Anagrelidum,"Anagrelide Ranbaxy, kapsułki twarde, 0,5 mg",100 kaps.,05909991362140,2018-11-01,3 lata,"1053.0, Anagrelidum","745,20","782,46","782,46",C.72.,bezpłatny,0
16,Anagrelidum,"Anagrelide Sandoz, kapsułki twarde, 0,5 mg",100 kaps.,05907626708394,2018-07-01,3 lata,"1053.0, Anagrelidum","864,00","907,20","805,14",C.72.,bezpłatny,0
17,Anagrelidum,"Anagrelide Stada, kapsułki twarde, 0,5 mg",100 kaps.,05909991355135,2019-03-01,3 lata,"1053.0, Anagrelidum","550,80","578,34","578,34",C.72.,bezpłatny,0
18,Anagrelidum,"Anagrelide Vipharm, kapsułki twarde, 0,5 mg",100 kaps.,05909991354480,2018-05-01,3 lata,"1053.0, Anagrelidum","1015,20","1065,96","805,14",C.72.,bezpłatny,0
19,Anagrelidum,"Anagrelide Vipharm, kapsułki twarde, 1 mg",100 kaps.,05909991354503,2018-05-01,3 lata,"1053.0, Anagrelidum","2030,40","2131,92","1610,28",C.72.,bezpłatny,0
20,Anagrelidum,"Anagrelide Zentiva, kapsułki twarde, 0,5 mg",100 kaps.,05909991356118,2019-01-01,3 lata,"1053.0, Anagrelidum","653,40","686,07","686,07",C.72.,bezpłatny,0
21,Anagrelidum,"Grenalvon, kapsułki twarde, 0,5 mg",100 kaps.,05909991354053,2018-05-01,3 lata,"1053.0, Anagrelidum","1004,40","1054,62","805,14",C.72.,bezpłatny,0
22,Anagrelidum,"Grenalvon, kapsułki twarde, 1 mg",100 kaps.,05909991354077,2018-05-01,3 lata,"1053.0, Anagrelidum","2008,80","2109,24","1610,28",C.72.,bezpłatny,0
23,Anagrelidum,"Thromboreductin, kaps., 0,5 mg",100 szt.,05909990670154,2019-01-01,3 lata,"1053.0, Anagrelidum","810,00","850,50","805,14",C.72.,bezpłatny,0
24,Aprepitantum,"Aprepitant Accord, kaps. twarde, 125 mg; 80 mg",3 kaps. (1 kaps. 125 mg + 2 kaps. 80 mg),05909991400576,2020-09-01,3 lata,"1114.0, Aprepitant","84,24","88,45","68,04",C.0.12.,bezpłatny,0
25,Aprepitantum,"Aprepitant Mylan, kaps. twarde, 125 mg; 80 mg",3 kaps. (1 kaps. 125 mg + 2 kaps. 80 mg),05909991352547,2020-09-01,3 lata,"1114.0, Aprepitant","81,54","85,62","68,04",C.0.12.,bezpłatny,0
26,Aprepitantum,"Aprepitant Sandoz, kaps. twarde, 125 mg; 80 mg",3 kaps. (1 kaps. 125 mg + 2 kaps. 80 mg),05909991360818,2019-11-01,3 lata,"1114.0, Aprepitant","95,04","99,79","68,04",C.0.12.,bezpłatny,0
27,Aprepitantum,"Aprepitant Teva, kaps. twarde, 125 mg; 80 mg",3 kaps. (1 kaps. 125 mg + 2 kaps. 80 mg),05909991383169,2019-09-01,3 lata,"1114.0, Aprepitant","64,80","68,04","68,04",C.0.12.,bezpłatny,0
28,Aprepitantum,"Emend, kaps. twarde, 125 mg; 80 mg",3 kaps. (1 kaps. 125 mg + 2 kaps. 80 mg),05909990007387,2020-09-01,5 lat,"1114.0, Aprepitant","64,80","68,04","68,04",C.0.12.,bezpłatny,0
29,Arsenicum trioxidum,"Trisenox, koncentrat do sporządzania roztworu do infuzji, 1 mg/ml",10 amp.po 10 ml,05909990016433,<1>2020-03-01/<2>2021-01-01/<3>2019-05-01,<1><2>3 lata/<3>2 lata,"1109.0, Trójtlenek arsenu","13365,00","14033,25","7654,50",<1>C.65.a.; <2>C.65.b.; <3>C.65.c.,bezpłatny,0
30,Arsenii trioxidum,"Arsenic trioxide Accord, koncentrat do sporządzania roztworu do infuzji, 1 mg/ml",10 fiolek,05055565763643,2020-11-01,<1><2>3 lata/<3>2 lata,"1109.0, Trójtlenek arsenu","7290,00","7654,50","7654,50",<1>C.65.a.; <2>C.65.b.; <3>C.65.c.,bezpłatny,0
31,Azacitidinum,"Azacitidine Accord, proszek do sporządzania zawiesiny do wstrzykiwań, 25 mg/ml",1 fiol. a 100 mg,05055565758359,2020-11-01,<1>3 lata/<2>2 lata,"1118.0, Leki przeciwnowotworowe – antymetabolity – analogi pirymidyny – azacytydyna","631,80","663,39","663,39",<1>C.69.a.; <2>C.69.b.,bezpłatny,0
32,Azacitidinum,"Vidaza, proszek do sporządzania zawiesiny do wstrzykiwań, 25 mg/ml",1 fiol. a 100 mg,05909990682706,<1>2019-11-01/<2>2020-01-01,<1>3 lata/<2>2 lata,"1118.0, Leki przeciwnowotworowe – antymetabolity – analogi pirymidyny – azacytydyna","1100,79","1155,83","663,39",<1>C.69.a.; <2>C.69.b.,bezpłatny,0
34,Bendamustini hydrochloridum,"Bendamustine Glenmark, proszek do sporządzania koncentratu roztworu do infuzji, 2,5 mg/ml",5 fiol. (100 mg),05902020241508,2020-09-01,3 lata,"1115.0, Bendamustyna","2484,00","2608,20","1701,00",C.67.,bezpłatny,0
33,Bendamustini hydrochloridum,"Bendamustine Glenmark, proszek do sporządzania koncentratu roztworu do infuzji, 2,5 mg/ml",5 fiol. (25 mg),05902020241492,2020-09-01,3 lata,"1115.0, Bendamustyna","621,00","652,05","425,25",C.67.,bezpłatny,0
36,Bendamustinum hydrochloridum,"Bendamustine Accord, proszek do sporządzania koncentratu roztworu do infuzji, 2,5 mg/ml",5 fiol.po 100 mg,05909991198183,2019-01-01,3 lata,"1115.0, Bendamustyna","1620,00","1701,00","1701,00",C.67.,bezpłatny,0
35,Bendamustinum hydrochloridum,"Bendamustine Accord, proszek do sporządzania koncentratu roztworu do infuzji, 2,5 mg/ml",5 fiol.po 25 mg,05909991198145,2019-01-01,3 lata,"1115.0, Bendamustyna","486,00","510,30","425,25",C.67.,bezpłatny,0
38,Bendamustinum hydrochloridum,"Bendamustine STADA, proszek do sporządzania koncentratu roztworu do infuzji, 2,5 mg/ml",5 fiol.po 100 mg,05909991242022,2018-07-01,3 lata,"1115.0, Bendamustyna","1620,00","1701,00","1701,00",C.67.,bezpłatny,0
37,Bendamustinum hydrochloridum,"Bendamustine STADA, proszek do sporządzania koncentratu roztworu do infuzji, 2,5 mg/ml",5 fiol.po 25 mg,05909991242039,2018-07-01,3 lata,"1115.0, Bendamustyna","405,00","425,25","425,25",C.67.,bezpłatny,0
40,Bendamustinum hydrochloridum,"Bendamustine Zentiva, proszek do sporządzania koncentratu roztworu do infuzji, 2,5 mg/ml",5 fiol.po 100 mg,05909991267285,2019-01-01,3 lata,"1115.0, Bendamustyna","864,00","907,20","907,20",C.67.,bezpłatny,0
39,Bendamustinum hydrochloridum,"Bendamustine Zentiva, proszek do sporządzania koncentratu roztworu do infuzji, 2,5 mg/ml",5 fiol.po 25 mg,05909991267292,2019-01-01,3 lata,"1115.0, Bendamustyna","216,00","226,80","226,80",C.67.,bezpłatny,0
41,Bicalutamidum,"Bicalutamide Accord, tabl. powl., 50 mg",28 szt.,05909990851188,2019-07-01,3 lata,"1002.0, Bicalutamidum","18,36","19,28","19,28",C.2.,bezpłatny,0
42,Bicalutamidum,"Bicalutamide Polpharma 50 mg, tabl. powl., 50 mg",28 szt. (4 blist.po 7 szt.),05909990052981,2019-01-01,3 lata,"1002.0, Bicalutamidum","53,99","56,69","53,87",C.2.,bezpłatny,0
43,Bicalutamidum,"Binabic, tabl. powl., 150 mg",28 szt.,05909990697427,2019-05-01,3 lata,"1002.0, Bicalutamidum","156,71","164,55","161,61",C.2.,bezpłatny,0
44,Bicalutamidum,"Binabic, tabl. powl., 50 mg",28 szt.,05909990696963,2019-11-01,3 lata,"1002.0, Bicalutamidum","51,30","53,87","53,87",C.2.,bezpłatny,0
45,Bleomycini sulphas,"Bleomedac, proszek do sporządzania roztworu do wstrzykiwań, 15000 IU/fiolkę",1 fiol.po 10 ml,05909990946983,2019-07-01,3 lata,"1003.0, Bleomycinum","97,20","102,06","102,06",C.3.,bezpłatny,0
46,Bortezomibum,"Bortezomib Accord, proszek do sporządzania roztworu do wstrzykiwań, 1 mg",1 fiol. 6 ml,05055565749142,2020-01-01,3 lata,"1054.0, Bortezomib","249,48","261,95","261,95",C.76.,bezpłatny,0
47,Bortezomibum,"Bortezomib Accord, proszek do sporządzania roztworu do wstrzykiwań, 3,5 mg",1 fiol.,05055565718339,2018-09-01,3 lata,"1054.0, Bortezomib","1080,00","1134,00","1134,00",C.76.,bezpłatny,0
48,Bortezomibum,"Bortezomib Adamed, proszek do sporządzania roztworu do wstrzykiwań, 1 mg",1 fiol.,05906414000771,2018-11-01,3 lata,"1054.0, Bortezomib","324,00","340,20","324,00",C.76.,bezpłatny,0
49,Bortezomibum,"Bortezomib Adamed, proszek do sporządzania roztworu do wstrzykiwań, 2,5 mg",1 fiol.,05900411003193,2020-03-01,3 lata,"1054.0, Bortezomib","623,70","654,89","654,89",C.76.,bezpłatny,0
50,Bortezomibum,"Bortezomib Adamed, proszek do sporządzania roztworu do wstrzykiwań, 3,5 mg",1 fiol.,05906414000788,2018-11-01,3 lata,"1054.0, Bortezomib","1134,00","1190,70","1134,00",C.76.,bezpłatny,0
51,Bortezomibum,"Bortezomib Glenmark, proszek do sporządzania roztworu do wstrzykiwań, 1 mg",1 fiol.,05902020241461,2018-11-01,3 lata,"1054.0, Bortezomib","280,80","294,84","294,84",C.76.,bezpłatny,0
52,Bortezomibum,"Bortezomib Glenmark, proszek do sporządzania roztworu do wstrzykiwań, 3,5 mg",1 fiol.,05902020241478,2018-11-01,3 lata,"1054.0, Bortezomib","982,80","1031,94","1031,94",C.76.,bezpłatny,0
53,Bortezomibum,"Bortezomib medac, proszek do sporządzania roztworu do wstrzykiwań, 1 mg",1 fiol.,05909991382124,2020-01-01,3 lata,"1054.0, Bortezomib","172,80","181,44","181,44",C.76.,bezpłatny,0
54,Bortezomibum,"Bortezomib medac, proszek do sporządzania roztworu do wstrzykiwań, 3,5 mg",1 fiol.,05909991382131,2020-01-01,3 lata,"1054.0, Bortezomib","270,00","283,50","283,50",C.76.,bezpłatny,0
55,Bortezomibum,"Bortezomib SUN, proszek do sporządzania roztworu do wstrzykiwań, 3,5 mg",1 fiol.,05909991351762,2019-11-01,3 lata,"1054.0, Bortezomib","216,00","226,80","226,80",C.76.,bezpłatny,0
56,Bortezomibum,"Bortezomib Zentiva, proszek do sporządzania roztworu do wstrzykiwań, 1 mg",1 fiol. proszku,05909991250829,<1>2020-01-01/<2>2021-03-01,<1>3 lata/<2>2 lata,"1054.0, Bortezomib","131,76","138,35","138,35",<1>C.76.; <2>C.76.b.,bezpłatny,0
57,Bortezomibum,"Bortezomib Zentiva, proszek do sporządzania roztworu do wstrzykiwań, 3,5 mg",1 fiol. proszku,05909991250812,<1>2020-01-01/<2>2021-03-01,<1>3 lata/<2>2 lata,"1054.0, Bortezomib","211,68","222,26","222,26",<1>C.76.; <2>C.76.b.,bezpłatny,0
58,Busulfanum,"Myleran, tabl. powl., 2 mg",100 szt.,05909990277926,2019-07-01,3 lata,"1101.0, Busulfanum","1105,92","1161,22","1161,22",C.4.,bezpłatny,0
64,Calcii folinas,"Calcium folinate Sandoz, roztwór do wstrzykiwań i infuzji, 10 mg/ml",1 fiol. 10 ml,05907626707564,2017-09-01,5 lat,"1093.0, pochodne i sole kwasu folinowego","20,52","21,55","21,55",C.0.02.,bezpłatny,0
62,Calcii folinas,"Calcium folinate Sandoz, roztwór do wstrzykiwań i infuzji, 10 mg/ml",1 fiol. 100 ml,05907626707601,2017-09-01,5 lat,"1093.0, pochodne i sole kwasu folinowego","162,00","170,10","170,10",C.0.02.,bezpłatny,0
60,Calcii folinas,"Calcium folinate Sandoz, roztwór do wstrzykiwań i infuzji, 10 mg/ml",1 fiol. 20 ml,05907626707571,2017-09-01,5 lat,"1093.0, pochodne i sole kwasu folinowego","35,64","37,42","37,42",C.0.02.,bezpłatny,0
59,Calcii folinas,"Calcium folinate Sandoz, roztwór do wstrzykiwań i infuzji, 10 mg/ml",1 fiol. 35 ml,05907626707588,2017-09-01,5 lat,"1093.0, pochodne i sole kwasu folinowego","62,37","65,49","65,49",C.0.02.,bezpłatny,0
63,Calcii folinas,"Calcium folinate Sandoz, roztwór do wstrzykiwań i infuzji, 10 mg/ml",1 fiol. 5 ml,05907626707540,2017-09-01,5 lat,"1093.0, pochodne i sole kwasu folinowego","10,26","10,77","10,77",C.0.02.,bezpłatny,0
61,Calcii folinas,"Calcium folinate Sandoz, roztwór do wstrzykiwań i infuzji, 10 mg/ml",1 fiol. 50 ml,05907626707595,2017-09-01,5 lat,"1093.0, pochodne i sole kwasu folinowego","81,00","85,05","85,05",C.0.02.,bezpłatny,0
65,Calcii folinas,"Calciumfolinat-Ebewe, kaps. twarde, 15 mg",20 szt.,05909990356713,2019-11-01,3 lata,"1093.0, pochodne i sole kwasu folinowego","21,60","22,68","22,68",C.0.02.,bezpłatny,0
66,Capecitabinum,"Capecitabine Accord, tabl. powl., 150 mg",60 szt.,05055565707531,<1>2019-03-01/<2>2020-09-01/<3>2020-01-01,<1><2>3 lata/<3>2 lata,"1006.0, Capecitabinum","74,52","78,25","68,04",<1>C.5.a.; <2>C.5.b.; <3>C.5.c.,bezpłatny,0
67,Capecitabinum,"Capecitabine Accord, tabl. powl., 300 mg",60 szt.,05055565709153,<1>2019-03-01/<2>2020-09-01/<3>2020-01-01,<1><2>3 lata/<3>2 lata,"1006.0, Capecitabinum","149,04","156,49","136,08",<1>C.5.a.; <2>C.5.b.; <3>C.5.c.,bezpłatny,0
68,Capecitabinum,"Capecitabine Accord, tabl. powl., 500 mg",120 szt.,05055565707548,<1>2019-03-01/<2>2020-09-01/<3>2020-01-01,<1><2>3 lata/<3>2 lata,"1006.0, Capecitabinum","432,00","453,60","453,60",<1>C.5.a.; <2>C.5.b.; <3>C.5.c.,bezpłatny,0
69,Capecitabinum,"Capecitabine Glenmark, tabl. powl., 150 mg",60 szt.,05909991004736,<1>2019-03-01/<2>2020-09-01/<3>2020-01-01,<1><2>3 lata/<3>2 lata,"1006.0, Capecitabinum","75,49","79,26","68,04",<1>C.5.a.; <2>C.5.b.; <3>C.5.c.,bezpłatny,0
70,Capecitabinum,"Capecitabine Glenmark, tabl. powl., 500 mg",120 szt.,05909991004699,<1>2019-03-01/<2>2020-09-01/<3>2020-01-01,<1><2>3 lata/<3>2 lata,"1006.0, Capecitabinum","503,28","528,44","453,60",<1>C.5.a.; <2>C.5.b.; <3>C.5.c.,bezpłatny,0
71,Capecitabinum,"Ecansya, tabl. powl., 150 mg",60 tabl.,05909991011079,<1>2019-03-01/<2>2020-09-01/<3>2020-01-01,<1><2>3 lata/<3>2 lata,"1006.0, Capecitabinum","113,40","119,07","68,04",<1>C.5.a.; <2>C.5.b.; <3>C.5.c.,bezpłatny,0
72,Capecitabinum,"Ecansya, tabl. powl., 500 mg",120 tabl.,05909991011239,<1>2019-03-01/<2>2020-09-01/<3>2020-01-01,<1><2>3 lata/<3>2 lata,"1006.0, Capecitabinum","756,00","793,80","453,60",<1>C.5.a.; <2>C.5.b.; <3>C.5.c.,bezpłatny,0
73,Capecitabinum,"Xeloda, tabl. powl., 500 mg",120 szt.,05909990893515,<1>2019-07-01/<2>2020-09-01/<3>2020-01-01,<1><2>3 lata/<3>2 lata,"1006.0, Capecitabinum","585,36","614,63","453,60",<1>C.5.a.; <2>C.5.b.; <3>C.5.c.,bezpłatny,0
75,Carboplatinum,"Carbomedac, koncentrat do sporządzania roztworu do infuzji, 10 mg/ml",1 fiol. po 100 ml,05909990816194,2018-05-01,3 lata,"1005.0, Carboplatinum","260,28","273,29","273,29",C.6.,bezpłatny,0
77,Carboplatinum,"Carbomedac, koncentrat do sporządzania roztworu do infuzji, 10 mg/ml",1 fiol. po 15 ml,05909990816163,2018-05-01,3 lata,"1005.0, Carboplatinum","39,96","41,96","41,96",C.6.,bezpłatny,0
78,Carboplatinum,"Carbomedac, koncentrat do sporządzania roztworu do infuzji, 10 mg/ml",1 fiol. po 45 ml,05909990816170,2018-05-01,3 lata,"1005.0, Carboplatinum","102,06","107,16","107,16",C.6.,bezpłatny,0
76,Carboplatinum,"Carbomedac, koncentrat do sporządzania roztworu do infuzji, 10 mg/ml",1 fiol. po 5 ml,05909990816156,2018-05-01,3 lata,"1005.0, Carboplatinum","18,25","19,16","19,16",C.6.,bezpłatny,0
74,Carboplatinum,"Carbomedac, koncentrat do sporządzania roztworu do infuzji, 10 mg/ml",1 fiol. po 60 ml,05909990816187,2018-05-01,3 lata,"1005.0, Carboplatinum","173,88","182,57","182,57",C.6.,bezpłatny,0
79,Carboplatinum,"Carboplatin - Ebewe, koncentrat do sporządzania roztworu do infuzji, 10 mg/ml",1 fiol. 5 ml,05909990450015,2017-09-01,5 lat,"1005.0, Carboplatinum","24,62","25,85","25,85",C.6.,bezpłatny,0
81,Carboplatinum,"Carboplatin - Ebewe, koncentrat do sporządzania roztworu do infuzji, 10 mg/ml",1 fiol.po 15 ml,05909990450022,2019-01-01,3 lata,"1005.0, Carboplatinum","45,90","48,20","48,20",C.6.,bezpłatny,0
82,Carboplatinum,"Carboplatin - Ebewe, koncentrat do sporządzania roztworu do infuzji, 10 mg/ml",1 fiol.po 45 ml,05909990450039,2019-01-01,3 lata,"1005.0, Carboplatinum","139,32","146,29","146,29",C.6.,bezpłatny,0
80,Carboplatinum,"Carboplatin - Ebewe, koncentrat do sporządzania roztworu do infuzji, 10 mg/ml",1 fiol.po 60 ml,05909990662753,2019-01-01,3 lata,"1005.0, Carboplatinum","186,84","196,18","196,18",C.6.,bezpłatny,0
83,Carboplatinum,"Carboplatin Accord, koncentrat do sporządzania roztworu do infuzji, 10 mg/ml",1 fiol. a 15 ml,05909990776733,2021-03-01,3 lata,"1005.0, Carboplatinum","36,72","38,56","38,56",C.6.,bezpłatny,0
84,Carboplatinum,"Carboplatin Accord, koncentrat do sporządzania roztworu do infuzji, 10 mg/ml",1 fiol. a 45 ml,05909990776740,2021-03-01,3 lata,"1005.0, Carboplatinum","104,76","110,00","110,00",C.6.,bezpłatny,0
85,Carboplatinum,"Carboplatin Accord, koncentrat do sporządzania roztworu do infuzji, 10 mg/ml",1 fiol.po 5 ml,05909990776726,2019-01-01,3 lata,"1005.0, Carboplatinum","12,74","13,38","13,38",C.6.,bezpłatny,0
86,Carboplatinum,"Carboplatin Accord, koncentrat do sporządzania roztworu do infuzji, 10 mg/ml",1 fiol.po 60 ml,05909990851058,2019-07-01,3 lata,"1005.0, Carboplatinum","131,76","138,35","138,35",C.6.,bezpłatny,0
88,Carboplatinum,"Carboplatin Pfizer, roztwór do wstrzykiwań, 10 mg/ml",1 fiol.po 15 ml,05909990477425,2019-01-01,3 lata,"1005.0, Carboplatinum","41,90","44,00","44,00",C.6.,bezpłatny,0
89,Carboplatinum,"Carboplatin Pfizer, roztwór do wstrzykiwań, 10 mg/ml",1 fiol.po 45 ml,05909990477432,2019-01-01,3 lata,"1005.0, Carboplatinum","102,28","107,39","107,39",C.6.,bezpłatny,0
87,Carboplatinum,"Carboplatin Pfizer, roztwór do wstrzykiwań, 10 mg/ml",1 fiol.po 5 ml,05909990477418,2019-07-01,3 lata,"1005.0, Carboplatinum","24,84","26,08","26,08",C.6.,bezpłatny,0
90,Chlorambucilum,"Leukeran, tabl. powl., 2 mg",25 szt.,05909990345618,2019-07-01,3 lata,"1099.0, Chlorambucilum","205,25","215,51","215,51",C.8.,bezpłatny,0
91,Ciclosporinum,"Sandimmun , koncentrat do sporządzania roztworu do infuzji, 50 mg/ml",10 amp. po 1 ml,05909990119813,2019-01-01,3 lata,"1007.0, Ciclosporinum","118,80","124,74","124,74",C.10.,bezpłatny,0
92,Cisplatinum,"Cisplatin-Ebewe, koncentrat do sporządzania roztworu do infuzji, 1 mg/ml",1 fiol.a 100 ml,05909990958535,2021-03-01,3 lata,"1008.0, Cisplatinum","71,28","74,84","74,84",C.11.,bezpłatny,0
93,Cisplatinum,"Cisplatin-Ebewe, koncentrat do sporządzania roztworu do infuzji, 1 mg/ml",1 fiol.po 10 ml,05909990958481,2019-11-01,3 lata,"1008.0, Cisplatinum","9,03","9,48","9,48",C.11.,bezpłatny,0
94,Cisplatinum,"Cisplatin-Ebewe, koncentrat do sporządzania roztworu do infuzji, 1 mg/ml",1 fiol.po 50 ml,05909990958504,2019-11-01,3 lata,"1008.0, Cisplatinum","42,12","44,23","44,23",C.11.,bezpłatny,0
95,Cisplatinum,"Cisplatinum Accord, koncentrat do sporządzania roztworu do infuzji, 1 mg/ml",1 fiol. a 10 ml,05909990838745,2021-03-01,3 lata,"1008.0, Cisplatinum","6,26","6,57","6,57",C.11.,bezpłatny,0
97,Cisplatinum,"Cisplatinum Accord, koncentrat do sporządzania roztworu do infuzji, 1 mg/ml",1 fiol. a 100 ml,05909990894772,2021-03-01,3 lata,"1008.0, Cisplatinum","62,64","65,77","65,77",C.11.,bezpłatny,0
96,Cisplatinum,"Cisplatinum Accord, koncentrat do sporządzania roztworu do infuzji, 1 mg/ml",1 fiol. a 50 ml,05909990838769,2021-03-01,3 lata,"1008.0, Cisplatinum","31,32","32,89","32,89",C.11.,bezpłatny,0
98,Cladribinum,"Biodribin, roztwór do infuzji, 10 mg",1 fiol.po 10 ml,05909990713417,2019-07-01,3 lata,"1009.0, Cladribinum","493,34","518,01","518,01",C.12.,bezpłatny,0
99,Clofarabinum,"Clofarabine Norameda, koncentrat do sporządzania roztworu do infuzji, 1 mg/ml",1 fiol.po 20 ml,05909991385569,2019-07-01,3 lata,"1111.0, Klofarabina","2808,00","2948,40","2948,40",<1>C.66.a.; <2> C.66.b.,bezpłatny,0
100,Clofarabinum,"Evoltra, koncentrat do sporządzania roztworu do infuzji, 1 mg/ml",1 fiol.po 20 ml,05909990710997,<1>2019-05-01/<2>2018-05-01,3 lata,"1111.0, Klofarabina","3785,72","3975,01","2948,40",<1>C.66.a.; <2> C.66.b.,bezpłatny,0
101,Crisantaspasum,"Erwinase, proszek do sporządzania roztworu do wstrzykiwań, 10000 j.m./fiolkę",5 fiol.,05060146290302,<1>2020-09-01/<2>2020-11-01,3 lata,"1146.0, Crisantaspasum","14580,00","15309,00","15309,00",<1>C.78.a.; <2>C.78.b.,bezpłatny,0
102,Cyclophosphamidum,"Endoxan, proszek do sporządzenia roztworu do wstrzykiwań, 1 g",1 fiol.po 75 ml,05909990241019,2019-01-01,3 lata,"1010.1, Cyclophosphamidum inj.","54,96","57,71","57,71",C.13.,bezpłatny,0
103,Cyclophosphamidum,"Endoxan, proszek do sporządzenia roztworu do wstrzykiwań, 200 mg",1 fiol.po 10 ml,05909990240913,2019-01-01,3 lata,"1010.1, Cyclophosphamidum inj.","14,58","15,31","11,54",C.13.,bezpłatny,0
104,Cyclophosphamidum,"Endoxan, tabl. drażowane, 50 mg",50 szt. (5 blist.po 10 szt.),05909990240814,2019-01-01,3 lata,"1010.2, Cyclophosphamidum p.o.","72,52","76,15","76,15",C.13.,bezpłatny,0
105,Cytarabinum,"Alexan, roztwór do wstrzykiwań, 20 mg/ml",1 fiol.po 5 ml,05909990640188,2019-01-01,3 lata,"1011.1, Cytarabinum","8,42","8,84","8,84",C.14.,bezpłatny,0
106,Cytarabinum,"Alexan, roztwór do wstrzykiwań, 50 mg/ml",1 fiol.po 10 ml,05909990181216,2019-01-01,3 lata,"1011.1, Cytarabinum","42,12","44,23","44,23",C.14.,bezpłatny,0
107,Cytarabinum,"Alexan, roztwór do wstrzykiwań, 50 mg/ml",1 fiol.po 20 ml,05909990181223,2019-01-01,3 lata,"1011.1, Cytarabinum","84,24","88,45","88,45",C.14.,bezpłatny,0
108,Cytarabinum,"Alexan, roztwór do wstrzykiwań, 50 mg/ml",1 fiol.po 40 ml,05909990624935,2019-01-01,3 lata,"1011.1, Cytarabinum","168,48","176,90","176,90",C.14.,bezpłatny,0
109,Cytarabinum,"Cytosar, proszek do sporządzenia roztworu do wstrzykiwań, 1 g",1 fiol. z prosz.,05909990314614,2019-01-01,3 lata,"1011.1, Cytarabinum","83,16","87,32","87,32",C.14.,bezpłatny,0
110,Cytarabinum,"Cytosar, proszek i rozpuszczalnik do sporządzania roztworu do wstrzykiwań, 100 mg",1 fiol.z prosz. + 1 amp.z rozp.,05909990154715,2019-07-01,3 lata,"1011.1, Cytarabinum","11,03","11,58","8,85",C.14.,bezpłatny,0
111,Cytarabinum,"Cytosar, proszek i rozpuszczalnik do sporządzania roztworu do wstrzykiwań, 500 mg",1 fiol. z prosz. (+ rozp.),05909990314515,2019-01-01,3 lata,"1011.1, Cytarabinum","41,77","43,86","43,86",C.14.,bezpłatny,0
112,Dacarbazinum,"Detimedac 100 mg, proszek do sporządzania roztworu do wstrzykiwań lub infuzji, 100 mg",10 fiol.po 100 mg,05909991029500,2018-07-01,3 lata,"1012.0, Dacarbazinum","151,20","158,76","158,76",C.16.,bezpłatny,0
113,Dacarbazinum,"Detimedac 1000 mg, proszek do sporządzania roztworu do infuzji, 1000 mg",1 fiol.po 1000 mg,05909991029807,2018-07-01,3 lata,"1012.0, Dacarbazinum","151,20","158,76","158,76",C.16.,bezpłatny,0
114,Dacarbazinum,"Detimedac 200 mg, proszek do sporządzania roztworu do wstrzykiwań lub infuzji, 200 mg",10 fiol.po 200 mg,05909991029609,2018-07-01,3 lata,"1012.0, Dacarbazinum","302,40","317,52","317,52",C.16.,bezpłatny,0
115,Dacarbazinum,"Detimedac 500 mg, proszek do sporządzania roztworu do infuzji, 500 mg",1 fiol.po 500 mg,05909991029708,2018-07-01,3 lata,"1012.0, Dacarbazinum","75,60","79,38","79,38",C.16.,bezpłatny,0
117,Darbepoetinum alfa,"Aranesp, roztwór do wstrzykiwań, 500 μg/ml",1 amp.-strz.po 1 ml,05909990739035,2018-07-01,3 lata,"1043.1, czynniki stymulujące erytropoezę - darbepoetyna","3402,00","3572,10","3572,10",C.0.03.,bezpłatny,0
116,Darbepoetinum alfa,"Aranesp, roztwór do wstrzykiwań, 500 μg/ml",1 wstrz.po 1 ml,05909990340330,2018-07-01,3 lata,"1043.1, czynniki stymulujące erytropoezę - darbepoetyna","3402,00","3572,10","3572,10",C.0.03.,bezpłatny,0
118,Denosumabum,"Xgeva, roztwór do wstrzykiwań, 120 mg","1 fiol.po 1,7 ml",05909990881789,2019-09-01,1 rok 10 miesięcy,"1137.0, Denosumabum","1321,79","1387,88","1387,88",C.75.,bezpłatny,0
119,Dexamethasoni phosphas,"Demezon, roztwór do wstrzykiwań, 8 mg/ml","1 amp. 2,5 ml",05907464420755,2020-09-01,3 lata,"1161.0, Deksametazon","14,58","15,31","15,31",C.0.17.,bezpłatny,0
120,Dexamethasoni phosphas,"Dexamethasone phosphate SF, roztwór do wstrzykiwań, 4 mg/ml",5 amp. 1 ml,05907464420700,2019-05-01,2 lata,"1161.0, Deksametazon","19,44","20,41","15,31",C.0.17.,bezpłatny,0
123,Docetaxelum,"Docetaxel - Ebewe, koncentrat do sporządzania roztworu do infuzji, 10 mg/ml",1 fiol.po 16 ml,05909990850280,2019-07-01,3 lata,"1013.0, Docetaxelum","432,00","453,60","453,60",C.19.,bezpłatny,0
121,Docetaxelum,"Docetaxel - Ebewe, koncentrat do sporządzania roztworu do infuzji, 10 mg/ml",1 fiol.po 2 ml,05909990777006,2019-07-01,3 lata,"1013.0, Docetaxelum","54,00","56,70","56,70",C.19.,bezpłatny,0
122,Docetaxelum,"Docetaxel - Ebewe, koncentrat do sporządzania roztworu do infuzji, 10 mg/ml",1 fiol.po 8 ml,05909990777020,2019-07-01,3 lata,"1013.0, Docetaxelum","216,00","226,80","226,80",C.19.,bezpłatny,0
124,Docetaxelum,"Docetaxel Accord, koncentrat do sporządzania roztworu do infuzji, 20 mg/ml",1 fiol.po 1 ml,05909990994557,2020-03-01,3 lata,"1013.0, Docetaxelum","32,40","34,02","34,02",C.19.,bezpłatny,0
125,Docetaxelum,"Docetaxel Accord, koncentrat do sporządzania roztworu do infuzji, 20 mg/ml",1 fiol.po 4 ml,05909990994564,2020-03-01,3 lata,"1013.0, Docetaxelum","129,60","136,08","136,08",C.19.,bezpłatny,0
126,Docetaxelum,"Docetaxel Accord, koncentrat do sporządzania roztworu do infuzji, 20 mg/ml",1 fiol.po 8 ml,05909990994601,2020-03-01,3 lata,"1013.0, Docetaxelum","259,20","272,16","272,16",C.19.,bezpłatny,0
127,Doxorubicini hydrochloridum,"Doxorubicin - Ebewe, koncentrat do sporządzania roztworu do infuzji, 10 mg",1 fiol.po 5 ml,05909990429011,2019-07-01,3 lata,"1014.1, Doxorubicinum","8,64","9,07","9,07",C.20.,bezpłatny,0
128,Doxorubicini hydrochloridum,"Doxorubicin - Ebewe, koncentrat do sporządzania roztworu do infuzji, 100 mg",1 fiol.po 50 ml,05909990614837,2019-07-01,3 lata,"1014.1, Doxorubicinum","82,08","86,18","86,18",C.20.,bezpłatny,0
129,Doxorubicini hydrochloridum,"Doxorubicin - Ebewe, koncentrat do sporządzania roztworu do infuzji, 200 mg",1 fiol.po 100 ml,05909990614844,2019-07-01,3 lata,"1014.1, Doxorubicinum","164,16","172,37","172,37",C.20.,bezpłatny,0
130,Doxorubicini hydrochloridum,"Doxorubicin - Ebewe, koncentrat do sporządzania roztworu do infuzji, 50 mg",1 fiol.po 25 ml,05909990429028,2019-07-01,3 lata,"1014.1, Doxorubicinum","41,04","43,09","43,09",C.20.,bezpłatny,0
132,Doxorubicinum,"Adriblastina PFS, roztwór do wstrzykiwań, 2 mg/ml",1 fiol.po 25 ml,05909990471027,2019-01-01,3 lata,"1014.1, Doxorubicinum","36,72","38,56","38,56",C.20.,bezpłatny,0
131,Doxorubicinum,"Adriblastina PFS, roztwór do wstrzykiwań, 2 mg/ml",1 fiol.po 5 ml,05909990471010,2019-07-01,3 lata,"1014.1, Doxorubicinum","10,93","11,48","11,48",C.20.,bezpłatny,0
133,Doxorubicinum,"Caelyx / Caelyx pegylated liposomal, koncentrat do sporządzania roztworu do infuzji, 2 mg/ml",1 fiol.po 10 ml,05909990983018,2019-05-01,3 lata,"1014.3, Doxorubicinum liposomanum pegylatum","1462,86","1536,00","1536,00",C.22.,bezpłatny,0
134,Doxorubicinum,"Doxorubicinum Accord, koncentrat do sporządzania roztworu do infuzji, 2 mg/ml",1 fiol. a 25 ml,05909990851393,2021-03-01,3 lata,"1014.1, Doxorubicinum","30,24","31,75","31,75",C.20.,bezpłatny,0
136,Doxorubicinum,"Doxorubicinum Accord, koncentrat do sporządzania roztworu do infuzji, 2 mg/ml",1 fiol.po 100 ml,05909990851409,2019-07-01,3 lata,"1014.1, Doxorubicinum","120,96","127,01","127,01",C.20.,bezpłatny,0
135,Doxorubicinum,"Doxorubicinum Accord, koncentrat do sporządzania roztworu do infuzji, 2 mg/ml",1 fiol.po 5 ml,05909990851386,2019-03-01,3 lata,"1014.1, Doxorubicinum","6,70","7,04","7,04",C.20.,bezpłatny,0
137,Doxorubicinum,"Doxorubicinum Accord, koncentrat do sporządzania roztworu do infuzji, 2 mg/ml",1 fiol.po 50 ml,05909991141882,2018-11-01,3 lata,"1014.1, Doxorubicinum","61,56","64,64","64,64",C.20.,bezpłatny,0
138,Doxorubicinum,"Myocet / Myocet liposomal, proszek, dyspersja i rozpuszczalnik do koncentratu do sporządzania dyspersji do infuzji, 50 mg",2 zest. po 3 fiol. (1 proszek + 1 liposomy + 1 bufor),05909990213559,<1>2019-07-01/<2>2021-01-01,3 lata,"1014.2, Doxorubicinum liposomanum nonpegylatum","3580,20","3759,21","3759,21",<1>C.21.a.; <2>C.21.b.,bezpłatny,0
139,Epirubicini hydrochloridum,"Epirubicin - Ebewe, koncentrat do sporządzania roztworu do infuzji, 10 mg",1 fiol.po 5 ml,05909991104313,2019-01-01,3 lata,"1015.0, Epirubicinum","27,00","28,35","28,35",C.23.,bezpłatny,0
140,Epirubicini hydrochloridum,"Epirubicin - Ebewe, koncentrat do sporządzania roztworu do infuzji, 100 mg",1 fiol.po 50 ml,05909991104337,2019-01-01,3 lata,"1015.0, Epirubicinum","270,00","283,50","283,50",C.23.,bezpłatny,0
141,Epirubicini hydrochloridum,"Epirubicin - Ebewe, koncentrat do sporządzania roztworu do infuzji, 200 mg",1 fiol.po 100 ml,05909991104344,2019-01-01,3 lata,"1015.0, Epirubicinum","540,00","567,00","567,00",C.23.,bezpłatny,0
142,Epirubicini hydrochloridum,"Epirubicin - Ebewe, koncentrat do sporządzania roztworu do infuzji, 50 mg",1 fiol.po 25 ml,05909991104320,2019-01-01,3 lata,"1015.0, Epirubicinum","135,00","141,75","141,75",C.23.,bezpłatny,0
143,Epirubicini hydrochloridum,"Epirubicin Accord, roztwór do wstrzykiwań lub infuzji, 2 mg/ml",1 fiol.po 50 ml,05909991029869,2019-07-01,3 lata,"1015.0, Epirubicinum","164,16","172,37","172,37",C.23.,bezpłatny,0
144,Epirubicini hydrochloridum,"Farmorubicin PFS, roztwór do wstrzykiwań i infuzji, 2 mg/ml",1 fiol.po 25 ml,05909990752515,2019-01-01,3 lata,"1015.0, Epirubicinum","128,50","134,93","134,93",C.23.,bezpłatny,0
145,Epoetinum alfa,"Binocrit, roztwór do wstrzykiwań, 5000 j.m./0,5 ml","6 amp.-strz.po 0,5 ml",05909990072477,2020-01-01,3 lata,"1043.0, czynniki stymulujące erytropoezę","648,00","680,40","680,40",C.0.04.,bezpłatny,0
146,Epoetinum beta,"NeoRecormon, roztwór do wstrzykiwań, 30000 j.m.",1 amp.-strz.,05909990007134,2019-07-01,3 lata,"1043.0, czynniki stymulujące erytropoezę","846,18","888,49","888,49",C.0.05.,bezpłatny,0
147,Erlotinibi hydrochloridum,"Erlotinib Krka, tabl. powl., 100 mg",30 szt.,03838989722128,2020-11-01,3 lata,"1085.0, Erlotinib","720,00","756,00","756,00",C.81.,bezpłatny,0
148,Erlotinibi hydrochloridum,"Erlotinib Krka, tabl. powl., 150 mg",30 szt.,03838989722135,2020-11-01,3 lata,"1085.0, Erlotinib","1080,00","1134,00","1134,00",C.81.,bezpłatny,0
149,Erlotinibum,"Erlotinib Zentiva, tabl. powl., 100 mg",30 szt.,05909991417680,2020-09-01,3 lata,"1085.0, Erlotinib","721,08","757,13","756,00",C.81.,bezpłatny,0
150,Erlotinibum,"Erlotinib Zentiva, tabl. powl., 150 mg",30 szt.,05909991417697,2020-09-01,3 lata,"1085.0, Erlotinib","1080,00","1134,00","1134,00",C.81.,bezpłatny,0
151,Erlotinibum,"Erlotinib Zentiva, tabl. powl., 25 mg",30 szt.,05909991417673,2020-09-01,3 lata,"1085.0, Erlotinib","388,80","408,24","189,00",C.81.,bezpłatny,0
152,Erlotinibum,"Tarceva, tabl. powl., 100 mg",30 szt.,05909990334278,2020-09-01,3 lata,"1085.0, Erlotinib","6588,00","6917,40","756,00",C.81.,bezpłatny,0
153,Erlotinibum,"Tarceva, tabl. powl., 150 mg",30 szt.,05909990334285,2020-09-01,3 lata,"1085.0, Erlotinib","8208,00","8618,40","1134,00",C.81.,bezpłatny,0
154,Erlotinibum,"Tarceva, tabl. powl., 25 mg",30 szt.,05909990334261,2020-09-01,3 lata,"1085.0, Erlotinib","1965,60","2063,88","189,00",C.81.,bezpłatny,0
155,Etoposidum,"Etoposid - Ebewe, koncentrat do sporządzania roztworu do infuzji, 100 mg",1 fiol.po 5 ml,05909990776115,2019-07-01,3 lata,"1016.0, Etoposidum","20,52","21,55","21,55",C.24.,bezpłatny,0
156,Etoposidum,"Etoposid - Ebewe, koncentrat do sporządzania roztworu do infuzji, 200 mg",1 fiol.po 10 ml,05909990776214,2019-07-01,3 lata,"1016.0, Etoposidum","41,04","43,09","43,09",C.24.,bezpłatny,0
157,Etoposidum,"Etoposid - Ebewe, koncentrat do sporządzania roztworu do infuzji, 400 mg",1 fiol.po 20 ml,05909990776313,2019-07-01,3 lata,"1016.0, Etoposidum","82,08","86,18","86,18",C.24.,bezpłatny,0
158,Etoposidum,"Etoposid - Ebewe, koncentrat do sporządzania roztworu do infuzji, 50 mg","1 fiol.po 2,5 ml",05909990776016,2019-07-01,3 lata,"1016.0, Etoposidum","12,31","12,93","12,93",C.24.,bezpłatny,0
160,Etoposidum,"Etopozyd Accord, koncentrat do sporządzania roztworu do infuzji, 20 mg/ml",1 fiol.po 10 ml,05909991233297,2019-05-01,3 lata,"1016.0, Etoposidum","30,13","31,64","31,64",C.24.,bezpłatny,0
161,Etoposidum,"Etopozyd Accord, koncentrat do sporządzania roztworu do infuzji, 20 mg/ml",1 fiol.po 20 ml,05909991233303,2019-05-01,3 lata,"1016.0, Etoposidum","60,37","63,39","63,39",C.24.,bezpłatny,0
159,Etoposidum,"Etopozyd Accord, koncentrat do sporządzania roztworu do infuzji, 20 mg/ml",1 fiol.po 5 ml,05909991198121,2020-03-01,3 lata,"1016.0, Etoposidum","11,88","12,47","12,47",C.24.,bezpłatny,0
163,Filgrastimum,"Accofil, roztwór do wstrzykiwań lub infuzji, 30 mln j./0,5 ml",1 amp.-strz.,05055565713846,2018-01-01,5 lat,"1045.0, czynniki stymulujące granulopoezę","57,24","60,10","60,10",C.0.06.,bezpłatny,0
164,Filgrastimum,"Accofil, roztwór do wstrzykiwań lub infuzji, 30 mln j./0,5 ml",5 amp.-strz.,05055565713860,2018-01-01,5 lat,"1045.0, czynniki stymulujące granulopoezę","286,20","300,51","300,51",C.0.06.,bezpłatny,0
162,Filgrastimum,"Accofil, roztwór do wstrzykiwań lub infuzji, 30 mln j./0,5 ml",7 amp.-strz.,05055565726068,2019-05-01,3 lata,"1045.0, czynniki stymulujące granulopoezę","400,68","420,71","420,71",C.0.06.,bezpłatny,0
165,Filgrastimum,"Accofil, roztwór do wstrzykiwań lub infuzji, 48 mln j./0,5 ml",1 amp.-strz.,05055565713853,2018-01-01,5 lat,"1045.0, czynniki stymulujące granulopoezę","91,58","96,16","96,16",C.0.06.,bezpłatny,0
166,Filgrastimum,"Accofil, roztwór do wstrzykiwań lub infuzji, 48 mln j./0,5 ml",5 amp.-strz.,05055565713877,2018-01-01,5 lat,"1045.0, czynniki stymulujące granulopoezę","457,92","480,82","480,82",C.0.06.,bezpłatny,0
167,Filgrastimum,"Accofil, roztwór do wstrzykiwań lub infuzji, 48 mln j./0,5 ml",7 amp.-strz.,05055565726075,2019-05-01,3 lata,"1045.0, czynniki stymulujące granulopoezę","641,09","673,14","673,14",C.0.06.,bezpłatny,0
168,Filgrastimum,"Grastofil, roztwór do wstrzykiwań lub infuzji, 30 mln j./0,5 ml",1 amp.-strz.,05909991102500,2018-07-01,3 lata,"1045.0, czynniki stymulujące granulopoezę","51,84","54,43","54,43",C.0.06.,bezpłatny,0
169,Filgrastimum,"Grastofil, roztwór do wstrzykiwań lub infuzji, 30 mln j./0,5 ml",5 amp.-strz.,05909991102531,2018-07-01,3 lata,"1045.0, czynniki stymulujące granulopoezę","245,16","257,42","257,42",C.0.06.,bezpłatny,0
170,Filgrastimum,"Grastofil, roztwór do wstrzykiwań lub infuzji, 48 mln j./0,5 ml",1 amp.-strz.,05909991102548,2018-07-01,3 lata,"1045.0, czynniki stymulujące granulopoezę","80,57","84,60","84,60",C.0.06.,bezpłatny,0
171,Filgrastimum,"Grastofil, roztwór do wstrzykiwań lub infuzji, 48 mln j./0,5 ml",5 amp.-strz.,05909991102555,2018-07-01,3 lata,"1045.0, czynniki stymulujące granulopoezę","402,84","422,98","422,98",C.0.06.,bezpłatny,0
172,Filgrastimum,"Neupogen, roztwór do wstrzykiwań, 300 μg/ml",5 fiol.po 1 ml,05909990312214,2019-01-01,3 lata,"1045.0, czynniki stymulujące granulopoezę","607,50","637,88","470,21",C.0.06.,bezpłatny,0
173,Filgrastimum,"Neupogen, roztwór do wstrzykiwań, 600 μg/ml","1 amp.-strz.po 0,5 ml",05909990830510,2019-01-01,3 lata,"1045.0, czynniki stymulujące granulopoezę","121,50","127,58","94,04",C.0.06.,bezpłatny,0
174,Filgrastimum,"Neupogen, roztwór do wstrzykiwań, 960 μg/ml","1 amp.-strz.po 0,5 ml",05909990830619,2019-01-01,3 lata,"1045.0, czynniki stymulujące granulopoezę","181,44","190,51","150,47",C.0.06.,bezpłatny,0
175,Filgrastimum,"Nivestim, roztwór do wstrzykiwań lub infuzji, 12 mln j./0,2 ml","5 amp.-strz.po 0,2 ml",05909990904747,2019-07-01,3 lata,"1045.0, czynniki stymulujące granulopoezę","87,77","92,16","92,16",C.0.06.,bezpłatny,0
176,Filgrastimum,"Nivestim, roztwór do wstrzykiwań lub infuzji, 30 mln j.m./0,5 ml","5 amp.-strz.po 0,5 ml",05909990904778,2019-07-01,3 lata,"1045.0, czynniki stymulujące granulopoezę","206,28","216,59","216,59",C.0.06.,bezpłatny,0
177,Filgrastimum,"Nivestim, roztwór do wstrzykiwań lub infuzji, 48 mln j.m./0,5 ml","5 amp.-strz.po 0,5 ml",05909990904808,2019-07-01,3 lata,"1045.0, czynniki stymulujące granulopoezę","330,04","346,54","346,54",C.0.06.,bezpłatny,0
178,Filgrastimum,"Zarzio, roztwór do wstrzykiwań lub infuzji, 30 mln j/0,5 ml","1 amp.-strz.po 0,5 ml",05909990687763,2019-01-01,3 lata,"1045.0, czynniki stymulujące granulopoezę","81,32","85,39","85,39",C.0.06.,bezpłatny,0
179,Filgrastimum,"Zarzio, roztwór do wstrzykiwań lub infuzji, 30 mln j./0,5 ml",5 amp.-strz.,05909990687787,2018-11-01,3 lata,"1045.0, czynniki stymulujące granulopoezę","219,45","230,42","230,42",C.0.06.,bezpłatny,0
181,Filgrastimum,"Zarzio, roztwór do wstrzykiwań lub infuzji, 48 mln j/0,5 ml","1 amp.-strz.po 0,5 ml",05909990687800,2019-01-01,3 lata,"1045.0, czynniki stymulujące granulopoezę","115,52","121,30","121,30",C.0.06.,bezpłatny,0
180,Filgrastimum,"Zarzio, roztwór do wstrzykiwań lub infuzji, 48 mln j./0,5 ml",5 amp.-strz.,05909990687848,2018-11-01,3 lata,"1045.0, czynniki stymulujące granulopoezę","351,17","368,73","368,73",C.0.06.,bezpłatny,0
182,Fludarabini phosphas,"Fludara Oral, tabl. powl., 10 mg",20 szt. (4 blist.po 5 szt.),05909991183325,2019-07-01,3 lata,"1017.2, Fludarabinum p.o.","1555,20","1632,96","1632,96",C.25.,bezpłatny,0
183,Fluorouracilum,"5 Fluorouracil - Ebewe, roztwór do wstrzykiwań i infuzji, 1000 mg",1 fiol.po 20 ml,05909990450633,2019-07-01,3 lata,"1018.0, Fluorouracilum","14,57","15,30","15,30",C.26.,bezpłatny,0
184,Fluorouracilum,"5 Fluorouracil - Ebewe, roztwór do wstrzykiwań i infuzji, 50 mg/ml",1 fiol.po 100 ml,05909990336258,2019-01-01,3 lata,"1018.0, Fluorouracilum","72,36","75,98","75,98",C.26.,bezpłatny,0
185,Fluorouracilum,"Fluorouracil 1000 medac, roztwór do wstrzykiwań, 50 mg/ml",1 fiol.po 20 ml,05909990477913,2019-01-01,3 lata,"1018.0, Fluorouracilum","14,47","15,19","15,19",C.26.,bezpłatny,0
186,Fluorouracilum,"Fluorouracil 500 medac, roztwór do wstrzykiwań, 50 mg/ml",1 fiol.po 10 ml,05909990477814,2019-01-01,3 lata,"1018.0, Fluorouracilum","7,56","7,94","7,94",C.26.,bezpłatny,0
187,Fluorouracilum,"Fluorouracil 5000 medac, roztwór do wstrzykiwań, 50 mg/ml",1 fiol.po 100 ml,05909990478019,2019-01-01,3 lata,"1018.0, Fluorouracilum","72,36","75,98","75,98",C.26.,bezpłatny,0
188,Fluorouracilum,"Fluorouracil Accord, roztwór do wstrzykiwań lub infuzji, 50 mg/ml",1 fiol. a 10 ml,05909990774784,2021-03-01,3 lata,"1018.0, Fluorouracilum","6,05","6,35","6,35",C.26.,bezpłatny,0
190,Fluorouracilum,"Fluorouracil Accord, roztwór do wstrzykiwań lub infuzji, 50 mg/ml",1 fiol. a 100 ml,05909990774807,2021-03-01,3 lata,"1018.0, Fluorouracilum","60,48","63,50","63,50",C.26.,bezpłatny,0
189,Fluorouracilum,"Fluorouracil Accord, roztwór do wstrzykiwań lub infuzji, 50 mg/ml",1 fiol. a 20 ml,05909990774791,2021-03-01,3 lata,"1018.0, Fluorouracilum","12,10","12,71","12,71",C.26.,bezpłatny,0
191,Fulvestrantum,"Faslodex, roztwór do wstrzykiwań, 250 mg/5 ml",2 amp.-strz.po 5 ml + 2 igły z syst.osł.,05909990768875,2019-07-01,3 lata,"1019.0, Fulvestrant","2700,00","2835,00","816,48",C.27.,bezpłatny,0
192,Fulvestrantum,"Fulvestrant Teva, roztwór do wstrzykiwań, 250 mg/5 ml",2 amp.-strz.po 5 ml + 2 igły,05909991317331,2021-01-01,3 lata,"1019.0, Fulvestrant","777,60","816,48","816,48",C.27.,bezpłatny,0
193,Gefitynibum,"Gefitinib Accord, tabl. powl., 250 mg",30 szt.,05909991400781,2019-09-01,3 lata,"1087.0, Gefitynibum","1350,00","1417,50","1360,80",C.80.,bezpłatny,0
194,Gefitynibum,"Gefitinib Alvogen, tabl. powl., 250 mg",30 szt.,05350586001683,2019-09-01,3 lata,"1087.0, Gefitynibum","1296,00","1360,80","1360,80",C.80.,bezpłatny,0
195,Gefitynibum,"Gefitinib Genoptim, tabl. powl., 250 mg",30 szt.,05909991385651,2019-09-01,3 lata,"1087.0, Gefitynibum","1350,00","1417,50","1360,80",C.80.,bezpłatny,0
196,Gefitynibum,"Gefitinib Glenmark, tabl. powl., 250 mg",30 szt.,05902020241676,2019-09-01,3 lata,"1087.0, Gefitynibum","1296,00","1360,80","1360,80",C.80.,bezpłatny,0
197,Gefitynibum,"Gefitinib Krka, tabl. powl., 250 mg",30 szt.,03837000183290,2019-09-01,3 lata,"1087.0, Gefitynibum","1296,00","1360,80","1360,80",C.80.,bezpłatny,0
198,Gefitynibum,"Gefitinib Mylan, tabl. powl., 250 mg",30 szt.,05901797710439,2019-09-01,3 lata,"1087.0, Gefitynibum","1350,00","1417,50","1360,80",C.80.,bezpłatny,0
199,Gefitynibum,"Gefitinib Sandoz, tabl. powl., 250 mg",30 szt.,07613421021696,2019-11-01,3 lata,"1087.0, Gefitynibum","1080,00","1134,00","1134,00",C.80.,bezpłatny,0
200,Gefitynibum,"Iressa, tabl. powl., 250 mg",30 szt.,05909990717231,2019-05-01,3 lata,"1087.0, Gefitynibum","6561,00","6889,05","1360,80",C.80.,bezpłatny,0
202,Gemcitabinum,"Gemcitabinum Accord, koncentrat do sporządzania roztworu do infuzji, 100 mg/ml",1 fiol.po 10 ml,05909990976089,2019-01-01,3 lata,"1020.0, Gemcitabinum","81,00","85,05","85,05",C.28.,bezpłatny,0
201,Gemcitabinum,"Gemcitabinum Accord, koncentrat do sporządzania roztworu do infuzji, 100 mg/ml",1 fiol.po 15 ml,05909990976096,2019-07-01,3 lata,"1020.0, Gemcitabinum","118,80","124,74","124,74",C.28.,bezpłatny,0
203,Gemcitabinum,"Gemcitabinum Accord, koncentrat do sporządzania roztworu do infuzji, 100 mg/ml",1 fiol.po 2 ml,05909990976072,2019-01-01,3 lata,"1020.0, Gemcitabinum","17,82","18,71","18,71",C.28.,bezpłatny,0
204,Gemcitabinum,"Gemcitabinum Accord, koncentrat do sporządzania roztworu do infuzji, 100 mg/ml",1 fiol.po 20 ml,05909990976102,2019-01-01,3 lata,"1020.0, Gemcitabinum","162,00","170,10","170,10",C.28.,bezpłatny,0
205,Gemcitabinum,"Gemsol, koncentrat do sporządzania roztworu do infuzji, 1000 mg",1 fiol.po 25 ml,05909990871032,2019-01-01,3 lata,"1020.0, Gemcitabinum","102,60","107,73","107,73",C.28.,bezpłatny,0
206,Gemcitabinum,"Gemsol, koncentrat do sporządzania roztworu do infuzji, 200 mg",1 fiol.po 5 ml,05909990870998,2019-01-01,3 lata,"1020.0, Gemcitabinum","27,00","28,35","28,35",C.28.,bezpłatny,0
207,Gemcitabinum,"Gemsol, koncentrat do sporządzania roztworu do infuzji, 2000 mg",1 fiol.po 50 ml,05909990871049,2019-01-01,3 lata,"1020.0, Gemcitabinum","205,20","215,46","215,46",C.28.,bezpłatny,0
208,Hydroxycarbamidum,"Hydroxycarbamid Teva, kaps., 500 mg",100 szt. (1 but.po 250 ml),05909990836758,2019-01-01,3 lata,"1021.0, Hydroxycarbamidum","64,58","67,81","67,81",C.29.,bezpłatny,0
209,Hydroxycarbamidum,"Hydroxyurea medac, kaps. twarde, 500 mg",100 szt.,05909990944927,2019-01-01,3 lata,"1021.0, Hydroxycarbamidum","86,12","90,43","90,43",C.29.,bezpłatny,0
210,Idarubicini hydrochloridum,"Zavedos, proszek do sporządzenia roztworu do wstrzykiwań, 10 mg",1 fiol.po 10 ml,05909990236213,2019-01-01,3 lata,"1022.0, Idarubicinum","739,47","776,44","776,44",C.30.,bezpłatny,0
211,Idarubicini hydrochloridum,"Zavedos, proszek do sporządzenia roztworu do wstrzykiwań, 5 mg",1 fiol.po 5 ml,05909990236114,2019-01-01,3 lata,"1022.0, Idarubicinum","396,28","416,09","416,09",C.30.,bezpłatny,0
212,Ifosfamidum,"Holoxan, proszek do sporządzenia roztworu do wstrzykiwań, 1 g",1 fiol.,05909990241118,2019-07-01,3 lata,"1023.0, Ifosfamidum","120,42","126,44","126,44",C.31.,bezpłatny,0
213,Ifosfamidum,"Holoxan, proszek do sporządzenia roztworu do wstrzykiwań, 2 g",1 fiol.,05909990241217,2019-07-01,3 lata,"1023.0, Ifosfamidum","217,62","228,50","228,50",C.31.,bezpłatny,0
214,Imatinibum,"Imatinib Accord, tabl. powl., 100 mg",60 szt.,05055565726983,2020-09-01,3 lata,"1064.1, Imatynib -2","216,00","226,80","226,80",C.70.a.; C.70.b.; C.70.c.,bezpłatny,0
215,Imatinibum,"Imatinib Accord, tabl. powl., 400 mg",30 szt.,05055565726990,2020-09-01,3 lata,"1064.1, Imatynib -2","432,00","453,60","453,60",C.70.a.; C.70.b.; C.70.c.,bezpłatny,0
216,Imatinibum,"Imatinib Aurovitas, tabletki powlekane, 100 mg",60 szt.,05909991353261,2019-03-01,3 lata,"1064.1, Imatynib -2","172,80","181,44","181,44",C.70.a.; C.70.b.; C.70.c.,bezpłatny,0
218,Imatinibum,"Imatinib Aurovitas, tabletki powlekane, 400 mg",30 szt.,05909991353353,2019-03-01,3 lata,"1064.1, Imatynib -2","345,60","362,88","362,88",C.70.a.; C.70.b.; C.70.c.,bezpłatny,0
217,Imatinibum,"Imatinib Aurovitas, tabletki powlekane, 400 mg",90 szt.,05909991353384,2019-07-01,3 lata,"1064.1, Imatynib -2","1034,64","1086,37","1086,37",C.70.a.; C.70.b.; C.70.c.,bezpłatny,0
219,Imatinibum,"Meaxin, tabl. powl., 100 mg",60 szt.,05909991053895,<1><2>2021-01-01/<3>2018-07-01,3 lata,"1064.1, Imatynib -2","302,40","317,52","317,52",<1>C.70.a.; <2>C.70.b.; <3>C.70.c.,bezpłatny,0
220,Imatinibum,"Meaxin, tabl. powl., 400 mg",30 szt.,05909991053963,<1><2>2021-01-01/<3>2018-07-01,3 lata,"1064.1, Imatynib -2","604,80","635,04","635,04",<1>C.70.a.; <2>C.70.b.; <3>C.70.c.,bezpłatny,0
221,Imatinibum,"Nibix, kaps. twarde, 100 mg",60 szt.,05909991051181,<1><2>2021-01-01/<3>2018-09-01,3 lata,"1064.1, Imatynib -2","302,40","317,52","317,52",<1>C.70.a.; <2>C.70.b.; <3>C.70.c.,bezpłatny,0
222,Imatinibum,"Nibix, kaps. twarde, 400 mg",30 szt.,05909991051259,<1><2>2021-01-01/<3>2018-09-01,3 lata,"1064.1, Imatynib -2","604,80","635,04","635,04",<1>C.70.a.; <2>C.70.b.; <3>C.70.c.,bezpłatny,0
223,Irinotecani hydrochloridum trihydricum,"Campto, koncentrat do sporządzania roztworu do infuzji, 20 mg/ml",1 fiol.po 15 ml,05909990645060,2019-07-01,3 lata,"1025.0, Irinotecanum","1061,62","1114,70","1114,70",C.35.,bezpłatny,0
224,Irinotecani hydrochloridum trihydricum,"Campto, koncentrat do sporządzania roztworu do infuzji, 20 mg/ml",1 fiol.po 2 ml,05909990645176,2019-07-01,3 lata,"1025.0, Irinotecanum","161,59","169,67","169,67",C.35.,bezpłatny,0
225,Irinotecani hydrochloridum trihydricum,"Campto, koncentrat do sporządzania roztworu do infuzji, 20 mg/ml",1 fiol.po 5 ml,05909990645183,2019-07-01,3 lata,"1025.0, Irinotecanum","419,75","440,74","440,74",C.35.,bezpłatny,0
228,Irinotecani hydrochloridum trihydricum,"Irinotecan Accord, koncentrat do sporządzania roztworu do infuzji, 20 mg/ml",1 fiol.po 15 ml,05055565731345,2017-03-01,5 lat,"1025.0, Irinotecanum","162,00","170,10","170,10",C.35.,bezpłatny,0
226,Irinotecani hydrochloridum trihydricum,"Irinotecan Accord, koncentrat do sporządzania roztworu do infuzji, 20 mg/ml",1 fiol.po 2 ml,05055565731321,2017-03-01,5 lat,"1025.0, Irinotecanum","21,60","22,68","22,68",C.35.,bezpłatny,0
229,Irinotecani hydrochloridum trihydricum,"Irinotecan Accord, koncentrat do sporządzania roztworu do infuzji, 20 mg/ml",1 fiol.po 25 ml,05055565731352,2017-03-01,5 lat,"1025.0, Irinotecanum","270,00","283,50","283,50",C.35.,bezpłatny,0
227,Irinotecani hydrochloridum trihydricum,"Irinotecan Accord, koncentrat do sporządzania roztworu do infuzji, 20 mg/ml",1 fiol.po 5 ml,05055565731338,2017-03-01,5 lat,"1025.0, Irinotecanum","54,00","56,70","56,70",C.35.,bezpłatny,0
230,Irinotecani hydrochloridum trihydricum,"Irinotecan Kabi, koncentrat do sporządzania roztworu do infuzji, 20 mg/ml",1 fiol.po 15 ml,05909990796946,2019-05-01,3 lata,"1025.0, Irinotecanum","138,24","145,15","145,15",C.35.,bezpłatny,0
233,Irinotecani hydrochloridum trihydricum,"Irinotecan Kabi, koncentrat do sporządzania roztworu do infuzji, 20 mg/ml",1 fiol.po 2 ml,05909990726943,2019-05-01,3 lata,"1025.0, Irinotecanum","20,43","21,45","21,45",C.35.,bezpłatny,0
231,Irinotecani hydrochloridum trihydricum,"Irinotecan Kabi, koncentrat do sporządzania roztworu do infuzji, 20 mg/ml",1 fiol.po 25 ml,05909990796953,2019-05-01,3 lata,"1025.0, Irinotecanum","216,00","226,80","226,80",C.35.,bezpłatny,0
232,Irinotecani hydrochloridum trihydricum,"Irinotecan Kabi, koncentrat do sporządzania roztworu do infuzji, 20 mg/ml",1 fiol.po 5 ml,05909990726950,2019-05-01,3 lata,"1025.0, Irinotecanum","44,82","47,06","47,06",C.35.,bezpłatny,0
234,Lanreotidum,"Somatuline Autogel, roztwór do wstrzykiwań, 120 mg","1 amp.-strz.po 0,5 ml",05909991094614,<1>2019-01-01/<2>2020-09-01,3 lata,"1026.1, analogi somatostatyny - lanreotyd","4447,02","4669,37","4669,37",<1>C.37.a.; <2>C.37.b.,bezpłatny,0
235,Lanreotidum,"Somatuline Autogel, roztwór do wstrzykiwań, 60 mg","1 amp.-strz.po 0,5 ml",05909991094416,<1>2019-01-01/<2>2020-09-01,3 lata,"1026.1, analogi somatostatyny - lanreotyd","2676,67","2810,50","2810,50",<1>C.37.a.; <2>C.37.b.,bezpłatny,0
236,Lanreotidum,"Somatuline Autogel, roztwór do wstrzykiwań, 90 mg","1 amp.-strz.po 0,5 ml",05909991094515,<1>2019-01-01/<2>2020-09-01,3 lata,"1026.1, analogi somatostatyny - lanreotyd","3557,83","3735,72","3735,72",<1>C.37.a.; <2>C.37.b.,bezpłatny,0
237,Melphalanum,"Alkeran, tabl. powl., 2 mg",25 szt.,05909990283514,2019-07-01,3 lata,"1098.0, Melphalanum","233,64","245,32","245,32",C.39.,bezpłatny,0
238,Mercaptopurinum,"Mercaptopurinum VIS, tabl., 50 mg",30 szt.,05909990186112,2019-01-01,3 lata,"1027.0, Mercaptopurinum","26,46","27,78","27,78",C.40.,bezpłatny,0
240,Mesnum,"Uromitexan, roztwór do wstrzykiwań, 100 mg/ml",15 amp. po 4 ml,05909991392086,2019-07-01,3 lata,"1046.0, Mesnum","150,12","157,63","157,63",C.0.08.,bezpłatny,0
239,Mesnum,"Uromitexan, roztwór do wstrzykiwań, 100 mg/ml",15 amp.po 4 ml,05909990265831,2019-07-01,3 lata,"1046.0, Mesnum","201,10","211,16","157,63",C.0.08.,bezpłatny,0
242,Methotrexatum,"Methotrexat - Ebewe, tabl., 10 mg",50 szt.,05909990453924,2019-07-01,3 lata,"1028.3, Methotrexatum p.o","32,36","33,98","33,98",C.41.,bezpłatny,0
241,Methotrexatum,"Methotrexat - Ebewe, koncentrat do sporządzania roztworu do infuzji, 100 mg/ml",1 fiol.po 50 ml,05909990333936,2019-01-01,3 lata,"1028.2, Methotrexatum inj.","378,00","396,90","297,68",C.41.,bezpłatny,0
243,Methotrexatum,"Metotreksat Accord, koncentrat do sporządzania roztworu do infuzji, 100 mg/ml",1 fiol.po 50 ml,05909991333447,2019-09-01,3 lata,"1028.2, Methotrexatum inj.","283,50","297,68","297,68",C.41.,bezpłatny,0
244,Mitotanum,"Lysodren, tabl., 500 mg",100 tabl.,05909990335237,2019-07-01,3 lata,"1030.0, Mitotanum","2662,20","2795,31","2795,31",C.43.,bezpłatny,0
245,Nelarabinum,"Atriance, roztwór do infuzji, 5 mg/ml",6 fiol.a 50 ml,05909990056736,2019-07-01,3 lata,"1128.0, Nelarabina","6480,00","6804,00","6804,00",C.73.,bezpłatny,0
246,Netupitantum + Palonosetroni hydrochloridum,"Akynzeo, kaps. twarde, 300+0,5 mg",1 szt.,05909991246563,<1>2021-01-01/<2>2019-07-01,<1>3 lata/<2>2 lata,"1154.0, Netupitant, palonosetron","276,48","290,30","290,30",<1>C.0.16.a.; <2>C.0.16.b.,bezpłatny,0
247,Octreotidum,"Okteva, proszek i rozpuszczalnik do sporządzania roztworu do wstrzykiwań o przedłużonym uwalnianiu, 10 mg",1 fiol. proszku + 1 amp.-strzyk. rozp.,05909991416461,2021-01-01,3 lata,"1026.0, analogi somatostatyny","882,00","926,10","926,10",<1>C.45.a.; <2>C.45.b.,bezpłatny,0
248,Octreotidum,"Okteva, proszek i rozpuszczalnik do sporządzania roztworu do wstrzykiwań o przedłużonym uwalnianiu, 20 mg",1 fiol. proszku + 1 amp.-strzyk. rozp.,05909991416485,2021-01-01,3 lata,"1026.0, analogi somatostatyny","1764,00","1852,20","1852,20",<1>C.45.a.; <2>C.45.b.,bezpłatny,0
249,Octreotidum,"Okteva, proszek i rozpuszczalnik do sporządzania roztworu do wstrzykiwań o przedłużonym uwalnianiu, 30 mg",1 fiol. proszku + 1 amp.-strzyk. rozp.,05909991416508,2021-01-01,3 lata,"1026.0, analogi somatostatyny","2646,00","2778,30","2778,30",<1>C.45.a.; <2>C.45.b.,bezpłatny,0
250,Octreotidum,"Sandostatin, roztwór do wstrzykiwań, 100 μg/ml",5 amp.po 1 ml,05909990042913,2019-01-01,3 lata,"1026.0, analogi somatostatyny","43,20","45,36","45,36",C.45.a.,bezpłatny,0
251,Octreotidum,"Sandostatin, roztwór do wstrzykiwań, 50 μg/ml",5 amp.po 1 ml,05909990042715,2019-01-01,3 lata,"1026.0, analogi somatostatyny","32,40","34,02","23,15",C.45.a.,bezpłatny,0
252,Octreotidum,"Sandostatin LAR, proszek i rozpuszczalnik do sporządzania zawiesiny do wstrzykiwań, 10 mg",1 fiol. + 1 amp.-strz. z rozp. 2 ml,05909990459711,<1>2019-01-01/<2>2020-11-01,3 lata,"1026.0, analogi somatostatyny","2160,00","2268,00","926,10",<1>C.45.a.; <2>C.45.b.,bezpłatny,0
253,Octreotidum,"Sandostatin LAR, proszek i rozpuszczalnik do sporządzania zawiesiny do wstrzykiwań, 20 mg",1 fiol. + 1 amp.-strz. z rozp. 2 ml,05909990459612,<1>2019-07-01/<2>2020-11-01,3 lata,"1026.0, analogi somatostatyny","2678,40","2812,32","1852,20",<1>C.45.a.; <2>C.45.b.,bezpłatny,0
254,Octreotidum,"Sandostatin LAR, proszek i rozpuszczalnik do sporządzania zawiesiny do wstrzykiwań, 30 mg",1 fiol. + 1 amp.-strz. z rozp. 2 ml,05909990459513,<1>2019-07-01/<2>2020-11-01,3 lata,"1026.0, analogi somatostatyny","4017,60","4218,48","2778,30",<1>C.45.a.; <2>C.45.b.,bezpłatny,0
255,Ondansetronum,"Atossa, tabl. powl., 8 mg",10 szt.,05909990744510,2019-07-01,3 lata,"1047.2, ondansetronum p.o.","34,56","36,29","36,29",C.0.09.,bezpłatny,0
256,Ondansetronum,"Ondansetron Accord, roztwór do wstrzykiwań lub infuzji, 2 mg/ml",5 amp. po 2 ml,05909990822225,2021-03-01,3 lata,"1047.1, ondansetronum inj.","6,37","6,69","6,69",C.0.09.,bezpłatny,0
257,Ondansetronum,"Ondansetron Accord, roztwór do wstrzykiwań lub infuzji, 2 mg/ml",5 amp. po 4 ml,05909990822249,2021-03-01,3 lata,"1047.1, ondansetronum inj.","12,74","13,38","13,38",C.0.09.,bezpłatny,0
258,Ondansetronum,"Ondansetron Kabi, roztwór do wstrzykiwań, 2 mg/ml",5 amp.po 2 ml,05909990055197,2019-01-01,3 lata,"1047.1, ondansetronum inj.","6,37","6,69","6,69",C.0.09.,bezpłatny,0
259,Ondansetronum,"Ondansetron Kabi, roztwór do wstrzykiwań, 2 mg/ml",5 amp.po 4 ml,05909990055234,2019-01-01,3 lata,"1047.1, ondansetronum inj.","12,74","13,38","13,38",C.0.09.,bezpłatny,0
260,Ondansetronum,"Setronon, tabl. powl., 8 mg",10 szt. (1 blist.po 10 szt.),05909990994717,2019-07-01,3 lata,"1047.2, ondansetronum p.o.","34,45","36,17","36,17",C.0.09.,bezpłatny,0
261,Ondansetronum,"Zofran, roztwór do wstrzykiwań, 2 mg/ml",5 amp.po 2 ml,05909990002016,2019-01-01,3 lata,"1047.1, ondansetronum inj.","6,71","7,05","6,69",C.0.09.,bezpłatny,0
262,Ondansetronum,"Zofran, roztwór do wstrzykiwań, 2 mg/ml",5 amp.po 4 ml,05909990002023,2019-01-01,3 lata,"1047.1, ondansetronum inj.","13,41","14,08","13,38",C.0.09.,bezpłatny,0
264,Ondansetronum,"Zofran, tabl. powl., 4 mg",10 szt. (2 blist.po 5 szt.),05909990001811,2019-01-01,3 lata,"1047.2, ondansetronum p.o.","30,78","32,32","18,15",C.0.09.,bezpłatny,0
263,Ondansetronum,"Zofran, syrop, 4 mg/5ml",50 ml,05909990810611,2019-01-01,3 lata,"1047.2, ondansetronum p.o.","37,80","39,69","18,15",C.0.09.,bezpłatny,0
265,Ondansetronum,"Zofran, tabl. powl., 8 mg",10 szt. (2 blist.po 5 szt.),05909990001910,2019-01-01,3 lata,"1047.2, ondansetronum p.o.","49,57","52,05","36,29",C.0.09.,bezpłatny,0
267,Oxaliplatinum,"Oxaliplatin Kabi, koncentrat do sporządzania roztworu do infuzji, 5 mg/ml",1 fiol.po 10 ml,05909990798247,2019-01-01,3 lata,"1031.0, Oxaliplatinum","32,40","34,02","34,02",C.46.,bezpłatny,0
268,Oxaliplatinum,"Oxaliplatin Kabi, koncentrat do sporządzania roztworu do infuzji, 5 mg/ml",1 fiol.po 20 ml,05909990798254,2019-01-01,3 lata,"1031.0, Oxaliplatinum","64,80","68,04","68,04",C.46.,bezpłatny,0
266,Oxaliplatinum,"Oxaliplatin Kabi, koncentrat do sporządzania roztworu do infuzji, 5 mg/ml",1 fiol.po 40 ml,05909990827381,2019-01-01,3 lata,"1031.0, Oxaliplatinum","129,60","136,08","136,08",C.46.,bezpłatny,0
269,Oxaliplatinum,"Oxaliplatinum Accord, koncentrat do sporządzania roztworu do infuzji, 5 mg/ml",1 fiol. a 10 ml,05909990796151,2021-03-01,3 lata,"1031.0, Oxaliplatinum","31,86","33,45","33,45",C.46.,bezpłatny,0
270,Oxaliplatinum,"Oxaliplatinum Accord, koncentrat do sporządzania roztworu do infuzji, 5 mg/ml",1 fiol. a 20 ml,05909990796168,2021-03-01,3 lata,"1031.0, Oxaliplatinum","63,72","66,91","66,91",C.46.,bezpłatny,0
271,Oxaliplatinum,"Oxaliplatinum Accord, koncentrat do sporządzania roztworu do infuzji, 5 mg/ml",1 fiol. a 40 ml,05909990827206,2021-03-01,3 lata,"1031.0, Oxaliplatinum","127,44","133,81","133,81",C.46.,bezpłatny,0
276,Paclitaxelum,"Paclitaxel Kabi, koncentrat do sporządzania roztworu do infuzji, 6 mg/ml",1 fiol.po 100 ml,05909990874446,2019-01-01,3 lata,"1032.0, Paclitaxelum","259,20","272,16","272,16",C.47.,bezpłatny,0
273,Paclitaxelum,"Paclitaxel Kabi, koncentrat do sporządzania roztworu do infuzji, 6 mg/ml","1 fiol.po 16,7 ml",05909990874361,2019-07-01,3 lata,"1032.0, Paclitaxelum","51,30","53,87","53,87",C.47.,bezpłatny,0
274,Paclitaxelum,"Paclitaxel Kabi, koncentrat do sporządzania roztworu do infuzji, 6 mg/ml",1 fiol.po 25 ml,05909990874385,2019-01-01,3 lata,"1032.0, Paclitaxelum","72,90","76,55","76,55",C.47.,bezpłatny,0
272,Paclitaxelum,"Paclitaxel Kabi, koncentrat do sporządzania roztworu do infuzji, 6 mg/ml",1 fiol.po 5 ml,05909990874347,2019-01-01,3 lata,"1032.0, Paclitaxelum","26,46","27,78","27,78",C.47.,bezpłatny,0
275,Paclitaxelum,"Paclitaxel Kabi, koncentrat do sporządzania roztworu do infuzji, 6 mg/ml",1 fiol.po 50 ml,05909990874408,2019-01-01,3 lata,"1032.0, Paclitaxelum","145,80","153,09","153,09",C.47.,bezpłatny,0
277,Paclitaxelum,"Paclitaxel-Ebewe, koncentrat do sporządzania roztworu do infuzji, 100 mg","1 fiol.po 16,7 ml",05909990018390,2019-01-01,3 lata,"1032.0, Paclitaxelum","108,00","113,40","113,40",C.47.,bezpłatny,0
278,Paclitaxelum,"Paclitaxel-Ebewe, koncentrat do sporządzania roztworu do infuzji, 150 mg",1 fiol.po 25 ml,05909990018406,2019-01-01,3 lata,"1032.0, Paclitaxelum","145,80","153,09","153,09",C.47.,bezpłatny,0
279,Paclitaxelum,"Paclitaxel-Ebewe, koncentrat do sporządzania roztworu do infuzji, 30 mg",1 fiol.po 5 ml,05909990018383,2019-01-01,3 lata,"1032.0, Paclitaxelum","32,40","34,02","34,02",C.47.,bezpłatny,0
280,Paclitaxelum,"Paclitaxel-Ebewe, koncentrat do sporządzania roztworu do infuzji, 300 mg",1 fiol.po 50 ml,05909990018420,2019-01-01,3 lata,"1032.0, Paclitaxelum","324,00","340,20","340,20",C.47.,bezpłatny,0
282,Paclitaxelum,"Paclitaxelum Accord, koncentrat do sporządzania roztworu do infuzji, 6 mg/ml","1 fiol. a 16,7 ml",05909990840274,2021-03-01,3 lata,"1032.0, Paclitaxelum","48,60","51,03","51,03",C.47.,bezpłatny,0
281,Paclitaxelum,"Paclitaxelum Accord, koncentrat do sporządzania roztworu do infuzji, 6 mg/ml",1 fiol. a 5 ml,05909990840267,2021-03-01,3 lata,"1032.0, Paclitaxelum","14,58","15,31","15,31",C.47.,bezpłatny,0
283,Paclitaxelum,"Paclitaxelum Accord, koncentrat do sporządzania roztworu do infuzji, 6 mg/ml",1 fiol. a 50 ml,05909990840281,2021-03-01,3 lata,"1032.0, Paclitaxelum","145,80","153,09","153,09",C.47.,bezpłatny,0
285,Paclitaxelum,"Paclitaxelum Accord, koncentrat do sporządzania roztworu do infuzji, 6 mg/ml",1 fiol.po 100 ml,05909991037093,2019-07-01,3 lata,"1032.0, Paclitaxelum","259,20","272,16","272,16",C.47.,bezpłatny,0
284,Paclitaxelum,"Paclitaxelum Accord, koncentrat do sporządzania roztworu do infuzji, 6 mg/ml",1 fiol.po 25 ml,05909991037086,2019-07-01,3 lata,"1032.0, Paclitaxelum","72,90","76,55","76,55",C.47.,bezpłatny,0
286,Pegaspargasum,"Oncaspar, proszek do sporządzania roztworu do wstrzykiwań/ do infuzji, 750 j.m./ml",1 fiol. proszku,00642621070989,2019-05-01,2 lata,"1033.0, Pegaspargasum","7203,06","7563,21","7563,21",C.48.,bezpłatny,0
287,Pegfilgrastimum,"Grasustek, roztwór do wstrzykiwań, 6 mg/0,6 ml",1 amp.-strzyk.,04260582610011,2020-09-01,3 lata,"1045.0, czynniki stymulujące granulopoezę","1620,00","1701,00","1701,00",C.0.10.,bezpłatny,0
288,Pegfilgrastimum,"Neulasta, roztwór do wstrzykiwań, 6 mg/0,6 ml","1 amp.-strz.po 0,6 ml (z zab.igły)",05909990007523,2019-01-01,3 lata,"1045.0, czynniki stymulujące granulopoezę","2940,84","3087,88","2194,29",C.0.10.,bezpłatny,0
289,Pegfilgrastimum,"Pelgraz, roztwór do wstrzykiwań w ampułko-strzykawce, 6 mg/0,6 ml",1 amp.-strzyk.,05055565748640,2018-11-01,3 lata,"1045.0, czynniki stymulujące granulopoezę","2089,80","2194,29","2194,29",C.0.10.,bezpłatny,0
290,Pegfilgrastimum,"Pelmeg, roztwór do wstrzykiwań, 6 mg/0,6 ml",1 amp.-strzyk.,05909991390471,2019-05-01,3 lata,"1045.0, czynniki stymulujące granulopoezę","1771,20","1859,76","1859,76",C.0.10.,bezpłatny,0
291,Pegfilgrastimum,"Ziextenzo, roztwór do wstrzykiwań w ampułko-strzykawce, 6 mg/0,6 ml",1 amp.-strzyk.,05907626708905,2019-03-01,3 lata,"1045.0, czynniki stymulujące granulopoezę","1836,00","1927,80","1927,80",C.0.10.,bezpłatny,0
292,Peginterferonum alfa-2a,"Pegasys, roztwór do wstrzykiwań, 270 μg/ml","1 amp.-strz.po  0,5 ml",05909990984718,<1><2>2019-07-01/<3>2020-09-01,<1>3 lata/<2><3>2 lata,"1074.1, Peginterferonum alfa 2a","534,79","561,53","561,53",<2>C.79.a.; <3>C.79.b.,bezpłatny,0
293,Peginterferonum alfa-2a,"Pegasys, roztwór do wstrzykiwań, 360 μg/ml","1 amp.-strz.po  0,5 ml",05909990984817,<1><2>2019-07-01/<3>2020-09-01,<1>3 lata/<2><3>2 lata,"1074.1, Peginterferonum alfa 2a","707,99","743,39","743,39",<2>C.79.a.; <3>C.79.b.,bezpłatny,0
294,Peginterferonum alfa-2a,"Pegasys, roztwór do wstrzykiwań, 90 µg/0,5 ml","1 amp.-strz.po 0,5 ml (+igła)",05902768001013,<1>2021-03-01/<2>2019-07-01/<3>2020-09-01,<1>3 lata/<2><3>2 lata,"1074.1, Peginterferonum alfa 2a","348,32","365,74","365,74",<2>C.79.a.; <3>C.79.b.,bezpłatny,0
295,Pemetreksedum,"Pemetreksed SUN, proszek do sporządzania koncentratu roztworu do infuzji, 100 mg",1 fiol. proszku,05909991289362,2020-03-01,3 lata,"1034.0, Pemetreksed","129,60","136,08","136,08",C.49.,bezpłatny,0
296,Pemetreksedum,"Pemetreksed SUN, proszek do sporządzania koncentratu roztworu do infuzji, 500 mg",1 fiol. proszku,05909991289379,2020-03-01,3 lata,"1034.0, Pemetreksed","648,00","680,40","680,40",C.49.,bezpłatny,0
297,Pemetreksedum,"Pemetrexed Accord, proszek do sporządzania koncentratu roztworu do infuzji, 100 mg",1 fiol.,05055565724613,2019-05-01,3 lata,"1034.0, Pemetreksed","302,40","317,52","136,08",C.49.,bezpłatny,0
298,Pemetreksedum,"Pemetrexed Accord, proszek do sporządzania koncentratu roztworu do infuzji, 1000 mg",1 fiol.,05055565724736,2019-05-01,3 lata,"1034.0, Pemetreksed","2376,00","2494,80","1360,80",C.49.,bezpłatny,0
299,Pemetreksedum,"Pemetrexed Accord, proszek do sporządzania koncentratu roztworu do infuzji, 500 mg",1 fiol.,05055565724620,2019-05-01,3 lata,"1034.0, Pemetreksed","1512,00","1587,60","680,40",C.49.,bezpłatny,0
300,Pemetreksedum,"Pemetrexed Fresenius Kabi, proszek do sporządzania koncentratu roztworu do infuzji, 100 mg",1 fiol.,05909991289393,2020-09-01,2 lata,"1034.0, Pemetreksed","286,20","300,51","136,08",C.49.,bezpłatny,0
301,Pemetreksedum,"Pemetrexed Fresenius Kabi, proszek do sporządzania koncentratu roztworu do infuzji, 500 mg",1 fiol.,05909991289409,2020-09-01,2 lata,"1034.0, Pemetreksed","1501,20","1576,26","680,40",C.49.,bezpłatny,0
302,Pemetreksedum,"Pemetrexed Sandoz, proszek do sporządzania koncentratu roztworu do infuzji, 100 mg",1 fiol.po 10 ml,05907626706079,2019-05-01,3 lata,"1034.0, Pemetreksed","280,80","294,84","136,08",C.49.,bezpłatny,0
303,Pemetreksedum,"Pemetrexed Sandoz, proszek do sporządzania koncentratu roztworu do infuzji, 500 mg",1 fiol.po 50 ml,05907626706086,2019-03-01,3 lata,"1034.0, Pemetreksed","1890,00","1984,50","680,40",C.49.,bezpłatny,0
304,Plerixaforum,"Mozobil, roztwór do wstrzykiwań, 20 mg/ml","1 fiol.po 1,2 ml",05909990728473,2019-07-01,2 lata,"1126.0, Pleryksafor","25142,40","26399,52","26399,52",C.71.,bezpłatny,0
305,Posaconazolum,"Noxafil, zawiesina doustna, 40 mg/ml",105 ml,05909990335244,<1>2018-05-01/<2>2018-09-01/<3>2020-09-01,3 lata,"1125.0, Leki p-grzybicze - pochodne triazolu - posaconazol","2538,39","2665,31","714,42",<1>C.0.14.a.; <2>C.0.14.b.; <3>C.0.14.c.,bezpłatny,0
306,Posaconazolum,"Posaconazole AHCL, zawiesina doustna, 40 mg/ml",105 ml,05055565754351,2021-01-01,3 lata,"1125.0, Leki p-grzybicze - pochodne triazolu - posaconazol","648,00","680,40","680,40",<1>C.0.14.a.; <2>C.0.14.b.; <3>C.0.14.c.,bezpłatny,0
307,Posaconazolum,"Posaconazole Glenmark, zawiesina doustna, 40 mg/ml",105 ml,08595112678152,2020-11-01,3 lata,"1125.0, Leki p-grzybicze - pochodne triazolu - posaconazol","734,40","771,12","714,42",<1>C.0.14.a.; <2>C.0.14.b.; <3>C.0.14.c.,bezpłatny,0
308,Posaconazolum,"Posaconazole Mylan, zawiesina doustna, 40 mg/ml",105 ml,05901797710743,2020-03-01,3 lata,"1125.0, Leki p-grzybicze - pochodne triazolu - posaconazol","909,36","954,83","714,42",<1>C.0.14.a.; <2>C.0.14.b.; <3>C.0.14.c.,bezpłatny,0
309,Posaconazolum,"Posaconazole Sandoz, zawiesina doustna, 40 mg/ml",105 ml,07613421033408,2020-03-01,3 lata,"1125.0, Leki p-grzybicze - pochodne triazolu - posaconazol","907,20","952,56","714,42",<1>C.0.14.a.; <2>C.0.14.b.; <3>C.0.14.c.,bezpłatny,0
310,Posaconazolum,"Posaconazole Stada, zawiesina doustna, 40 mg/ml",105 ml,05909991368562,2020-09-01,3 lata,"1125.0, Leki p-grzybicze - pochodne triazolu - posaconazol","680,40","714,42","714,42",<1>C.0.14.a.; <2>C.0.14.b.; <3>C.0.14.c.,bezpłatny,0
311,Posaconazolum,"Posaconazole Teva, zawiesina doustna, 40 mg/ml",105 ml,05909991422059,2021-01-01,3 lata,"1125.0, Leki p-grzybicze - pochodne triazolu - posaconazol","680,40","714,42","714,42",<1>C.0.14.a.; <2>C.0.14.b.; <3>C.0.14.c.,bezpłatny,0
312,Rasburicasum,"Fasturtec, proszek i rozpuszczalnik do przygotowania koncentratu do sporządzania roztworu do infuzji , 1,5 mg/ml","3 fiol.po 1,5 mg (+ 3 amp. rozp.)",05909990943111,2019-01-01,3 lata,"1048.0, Rasburicasum","691,20","725,76","725,76",C.0.11.,bezpłatny,0
313,Rituximabum,"Blitzima, koncentrat do sporządzania roztworu do infuzji, 100 mg",2 fiol.po 10 ml,05996537003155,2019-09-01,3 lata,"1035.0, Rituximabum","1151,41","1208,98","1208,98",<2>C.51.,bezpłatny,0
314,Rituximabum,"Blitzima, koncentrat do sporządzania roztworu do infuzji, 500 mg",1 fiol.po 50 ml,05996537002158,2019-09-01,3 lata,"1035.0, Rituximabum","2878,52","3022,45","3022,45",<2>C.51.,bezpłatny,0
315,Rituximabum,"MabThera, koncentrat do sporządzania roztworu do infuzji, 100 mg",2 fiol.po 10 ml,05909990418817,<1><3>2019-07-01/<2>2019-09-01,3 lata,"1035.0, Rituximabum","2444,04","2566,24","1208,98",<3>C.51.,bezpłatny,0
316,Rituximabum,"MabThera, koncentrat do sporządzania roztworu do infuzji, 500 mg",1 fiol.po 50 ml,05909990418824,<1><3>2019-07-01/<2>2019-09-01,3 lata,"1035.0, Rituximabum","6111,72","6417,31","3022,45",<3>C.51.,bezpłatny,0
317,Rituximabum,"Riximyo, koncentrat do sporządzania roztworu do infuzji, 100 mg",2 fiol.po 10 ml,07613421032975,2019-11-01,3 lata,"1035.0, Rituximabum","1035,72","1087,51","1087,51",<2>C.51.,bezpłatny,0
318,Rituximabum,"Riximyo, koncentrat do sporządzania roztworu do infuzji, 500 mg",1 fiol.po 50 ml,07613421032982,2019-11-01,3 lata,"1035.0, Rituximabum","2589,30","2718,77","2718,77",<2>C.51.,bezpłatny,0
319,Tamoxifenum,"Nolvadex D, tabl. powl., 20 mg",30 szt.,05909990127412,2019-01-01,3 lata,"1036.0, Tamoxifenum","14,58","15,31","15,31",C.52.,bezpłatny,0
320,Tamoxifenum,"Tamoxifen-EGIS, tabl., 20 mg",30 szt. (3 blist.po 10 szt.),05909990775316,2019-01-01,3 lata,"1036.0, Tamoxifenum","9,88","10,37","10,37",C.52.,bezpłatny,0
321,Temozolomidum,"Temodal, kaps. twarde, 100 mg",5 szt.,05909990672172,2019-07-01,3 lata,"1080.0, Temozolomidum","453,60","476,28","476,28",C.64.,bezpłatny,0
322,Temozolomidum,"Temodal, kaps. twarde, 140 mg",5 szt.,05909990672219,2019-07-01,3 lata,"1080.0, Temozolomidum","635,04","666,79","666,79",C.64.,bezpłatny,0
323,Temozolomidum,"Temodal, kaps. twarde, 180 mg",5 szt.,05909990672233,2019-07-01,3 lata,"1080.0, Temozolomidum","816,48","857,30","857,30",C.64.,bezpłatny,0
324,Temozolomidum,"Temodal, kaps. twarde, 20 mg",5 szt.,05909990672158,2019-07-01,3 lata,"1080.0, Temozolomidum","90,72","95,26","95,26",C.64.,bezpłatny,0
325,Temozolomidum,"Temodal, kaps. twarde, 250 mg",5 szt.,05909990672196,2019-07-01,3 lata,"1080.0, Temozolomidum","1134,00","1190,70","1190,70",C.64.,bezpłatny,0
326,Temozolomidum,"Temodal, kaps. twarde, 5 mg",5 szt.,05909990716999,2019-07-01,3 lata,"1080.0, Temozolomidum","22,68","23,81","23,81",C.64.,bezpłatny,0
327,Temozolomidum,"Temozolomide Accord, kaps. twarde, 100 mg",5 szt. (saszetka),05055565719350,2018-09-01,3 lata,"1080.0, Temozolomidum","216,00","226,80","226,80",C.64.,bezpłatny,0
328,Temozolomidum,"Temozolomide Accord, kaps. twarde, 140 mg",5 szt. (saszetka),05055565719367,2018-09-01,3 lata,"1080.0, Temozolomidum","324,00","340,20","340,20",C.64.,bezpłatny,0
329,Temozolomidum,"Temozolomide Accord, kaps. twarde, 180 mg",5 szt. (saszetka),05055565719374,2018-09-01,3 lata,"1080.0, Temozolomidum","432,00","453,60","453,60",C.64.,bezpłatny,0
330,Temozolomidum,"Temozolomide Accord, kaps. twarde, 20 mg",5 szt. (saszetka),05055565719343,2018-09-01,3 lata,"1080.0, Temozolomidum","43,20","45,36","45,36",C.64.,bezpłatny,0
331,Temozolomidum,"Temozolomide Accord, kaps. twarde, 250 mg",5 szt. (saszetka),05055565719381,2018-09-01,3 lata,"1080.0, Temozolomidum","594,00","623,70","623,70",C.64.,bezpłatny,0
332,Temozolomidum,"Temozolomide Accord, kaps. twarde, 5 mg",5 szt. (saszetka),05055565719336,2018-09-01,3 lata,"1080.0, Temozolomidum","10,80","11,34","11,34",C.64.,bezpłatny,0
333,Temozolomidum,"Temozolomide Sun, kapsułki twarde, 100 mg",5 kaps.,05909991288006,2018-11-01,3 lata,"1080.0, Temozolomidum","189,00","198,45","198,45",C.64.,bezpłatny,0
334,Temozolomidum,"Temozolomide Sun, kapsułki twarde, 140 mg",5 kaps.,05909991288037,2018-11-01,3 lata,"1080.0, Temozolomidum","264,60","277,83","277,83",C.64.,bezpłatny,0
335,Temozolomidum,"Temozolomide Sun, kapsułki twarde, 180 mg",5 kaps.,05909991288068,2018-11-01,3 lata,"1080.0, Temozolomidum","340,20","357,21","357,21",C.64.,bezpłatny,0
336,Temozolomidum,"Temozolomide Sun, kapsułki twarde, 20 mg",5 kaps.,05909991287979,2018-11-01,3 lata,"1080.0, Temozolomidum","37,80","39,69","39,69",C.64.,bezpłatny,0
337,Temozolomidum,"Temozolomide Sun, kapsułki twarde, 250 mg",5 kaps.,05909991288099,2018-11-01,3 lata,"1080.0, Temozolomidum","472,50","496,13","496,13",C.64.,bezpłatny,0
338,Temozolomidum,"Temozolomide Sun, kapsułki twarde, 5 mg",5 kaps.,05909991287948,2018-11-01,3 lata,"1080.0, Temozolomidum","9,45","9,92","9,92",C.64.,bezpłatny,0
339,Tioguaninum,"Lanvis, tabl., 40 mg",25 szt.,05909990185214,2019-07-01,3 lata,"1100.0, Tioguaninum","596,38","626,20","626,20",C.56.,bezpłatny,0
340,Topotecanum,"Hycamtin, kaps. twarde, 0,25 mg",10 kaps.,05909990643134,2018-09-01,3 lata,"1038.2, Topotecanum p.o.","386,10","405,41","405,41",C.57.1.,bezpłatny,0
341,Topotecanum,"Hycamtin, kaps. twarde, 1 mg",10 kaps.,05909990643141,2018-09-01,3 lata,"1038.2, Topotecanum p.o.","1458,00","1530,90","1530,90",C.57.1.,bezpłatny,0
342,Topotecanum,"Topotecan medac, koncentrat do sporządzania roztworu do infuzji, 1 mg/ml",1 fiol.po 1 ml,05909990924660,2019-07-01,3 lata,"1038.1, Topotecanum inj.","70,20","73,71","73,71",C.57.2.,bezpłatny,0
343,Topotecanum,"Topotecan medac, koncentrat do sporządzania roztworu do infuzji, 1 mg/ml",1 fiol.po 2 ml,05909990924677,2019-07-01,3 lata,"1038.1, Topotecanum inj.","140,40","147,42","147,42",C.57.2.,bezpłatny,0
344,Topotecanum,"Topotecan medac, koncentrat do sporządzania roztworu do infuzji, 1 mg/ml",1 fiol.po 4 ml,05909990924684,2019-07-01,3 lata,"1038.1, Topotecanum inj.","280,80","294,84","294,84",C.57.2.,bezpłatny,0
346,Topotecanum,"Topotecanum Accord, koncentrat do sporządzania roztworu do infuzji, 1 mg/ml",1 fiol. a 1 ml,05909990984756,2021-03-01,3 lata,"1038.1, Topotecanum inj.","70,20","73,71","73,71",C.57.2.,bezpłatny,0
345,Topotecanum,"Topotecanum Accord, koncentrat do sporządzania roztworu do infuzji, 1 mg/ml",1 fiol. a 4 ml,05909990984770,2021-03-01,3 lata,"1038.1, Topotecanum inj.","280,80","294,84","294,84",C.57.2.,bezpłatny,0
347,Tretinoinum,"Vesanoid, kaps. miękkie, 10 mg",100 szt.,05909990668311,2019-03-01,3 lata,"1039.0, Tretinoinum","1028,16","1079,57","1079,57",C.58.,bezpłatny,0
348,Vincristini sulfas,"Vincristine Teva, roztwór do wstrzykiwań, 1 mg/ml",1 fiol.po 1 ml,05909990669493,2019-07-01,3 lata,"1041.0, Vincristinum","24,84","26,08","26,08",C.61.,bezpłatny,0
349,Vincristini sulfas,"Vincristine Teva, roztwór do wstrzykiwań, 1 mg/ml",1 fiol.po 5 ml,05909990669523,2019-07-01,3 lata,"1041.0, Vincristinum","124,20","130,41","130,41",C.61.,bezpłatny,0
352,Vinorelbinum,"Navelbine, koncentrat do sporządzania roztworu do infuzji, 10 mg/ml",10 fiol.po 1 ml,05909990173617,2019-01-01,3 lata,"1042.1, Vinorelbinum inj","529,20","555,66","226,80",C.63.,bezpłatny,0
353,Vinorelbinum,"Navelbine, koncentrat do sporządzania roztworu do infuzji, 10 mg/ml",10 fiol.po 5 ml,05909990173624,2019-01-01,3 lata,"1042.1, Vinorelbinum inj","2646,00","2778,30","1134,00",C.63.,bezpłatny,0
350,Vinorelbinum,"Navelbine, kaps. miękkie, 20 mg",1 kaps.,05909990945016,2019-07-01,3 lata,"1042.2, Vinorelbinum p.o.","174,59","183,32","136,08",C.63.,bezpłatny,0
351,Vinorelbinum,"Navelbine, kaps. miękkie, 30 mg",1 kaps.,05909990945115,2019-07-01,3 lata,"1042.2, Vinorelbinum p.o.","261,88","274,97","204,12",C.63.,bezpłatny,0
354,Vinorelbinum,"Navirel, koncentrat do sporządzania roztworu do infuzji, 10 mg/ml",10 fiol.po 1 ml,05909990573325,2019-01-01,3 lata,"1042.1, Vinorelbinum inj","540,00","567,00","226,80",C.63.,bezpłatny,0
355,Vinorelbinum,"Navirel, koncentrat do sporządzania roztworu do infuzji, 10 mg/ml",10 fiol.po 5 ml,05909990573349,2019-01-01,3 lata,"1042.1, Vinorelbinum inj","1285,20","1349,46","1134,00",C.63.,bezpłatny,0
356,Vinorelbinum,"Neocitec, koncentrat do sporządzania roztworu do infuzji, 10 mg/ml",1 fiol.a 1 ml,05909990668045,2018-07-01,3 lata,"1042.1, Vinorelbinum inj","32,40","34,02","22,68",C.63.,bezpłatny,0
357,Vinorelbinum,"Neocitec, koncentrat do sporządzania roztworu do infuzji, 10 mg/ml",1 fiol.a 5 ml,05909990668052,2018-07-01,3 lata,"1042.1, Vinorelbinum inj","162,00","170,10","113,40",C.63.,bezpłatny,0
359,Vinorelbinum,"Vinorelbine Accord, koncentrat do sporządzania roztworu do infuzji, 10 mg/ml",1 fiol. 1 ml,05909991314439,2017-09-01,5 lat,"1042.1, Vinorelbinum inj","21,60","22,68","22,68",C.63.,bezpłatny,0
358,Vinorelbinum,"Vinorelbine Accord, koncentrat do sporządzania roztworu do infuzji, 10 mg/ml",1 fiol. 5 ml,05909991314446,2017-09-01,5 lat,"1042.1, Vinorelbinum inj","108,00","113,40","113,40",C.63.,bezpłatny,0
360,Vinorelbinum,"Vinorelbine Alvogen, kaps. miękkie, 20 mg",1 kaps.,05909991402365,2019-09-01,3 lata,"1042.2, Vinorelbinum p.o.","129,60","136,08","136,08",C.63.,bezpłatny,0
361,Vinorelbinum,"Vinorelbine Alvogen, kaps. miękkie, 30 mg",1 kaps.,05909991402389,2019-09-01,3 lata,"1042.2, Vinorelbinum p.o.","194,40","204,12","204,12",C.63.,bezpłatny,0
362,Vinorelbinum,"Vinorelbine Alvogen, kaps. miękkie, 80 mg",1 kaps.,05909991402402,2019-09-01,3 lata,"1042.2, Vinorelbinum p.o.","518,40","544,32","544,32",C.63.,bezpłatny,0
363,Voriconazolum,"Voriconazol Polpharma, tabl. powl., 200 mg",20 szt.,05909991063177,2019-09-01,3 lata,"1125.1 , Leki p-grzybicze - pochodne triazolu - worykonazol","135,79","142,58","124,74",C.0.15.,bezpłatny,0
364,Voriconazolum,"Voriconazole Accord, tabl. powl., 200 mg",20 szt.,05909991095840,2019-11-01,3 lata,"1125.1 , Leki p-grzybicze - pochodne triazolu - worykonazol","130,90","137,45","124,74",C.0.15.,bezpłatny,0
365,Voriconazolum,"Voriconazole Accord, tabl. powl., 200 mg",30 szt.,05055565731536,2021-01-01,3 lata,"1125.1 , Leki p-grzybicze - pochodne triazolu - worykonazol","178,20","187,11","187,11",C.0.15.,bezpłatny,0
366,Voriconazolum,"Voriconazole Accord, tabl. powl., 50 mg",20 szt.,05909991095741,2019-11-01,3 lata,"1125.1 , Leki p-grzybicze - pochodne triazolu - worykonazol","32,72","34,36","31,19",C.0.15.,bezpłatny,0
367,Voriconazolum,"Voriconazole Mylan, tabl. powl., 200 mg",20 szt.,05909991191917,2018-11-01,3 lata,"1125.1 , Leki p-grzybicze - pochodne triazolu - worykonazol","130,90","137,45","124,74",C.0.15.,bezpłatny,0