"E. Leki przysługujące świadczeniobiorcom, o których mowa w art. 43b ust. 1 ustawy z dnia 27 sierpnia 2004 r. o świadczeniach opieki zdrowotnej finansowanych ze środków publicznych (Dz.U. z 2020 r. poz. 1398, z późn. zm.)",,,,
LP,Substancja czynna,Nazwa i postać leku,Zawartość opakowania,Numer GTIN lub inny kod jednoznacznie identyfikujący produkt
1,Acidum ursodeoxycholicum,"Proursan, kaps., 250 mg",90 szt.,05909991203924
2,Acidum ursodeoxycholicum,"Ursocam, tabl., 250 mg",100 szt.,05909990414741
3,Acidum ursodeoxycholicum,"Ursocam, tabl., 250 mg",90 szt.,05909991314675
4,Acidum ursodeoxycholicum,"Ursopol, kaps. twarde, 300 mg",50 szt.,05909990798223
5,Acidum ursodeoxycholicum,"Ursoxyn, kaps. twarde, 250 mg",100 szt.,05909991325794
6,Acidum ursodeoxycholicum,"Ursoxyn, kaps. twarde, 250 mg",50 szt.,05909991325770
7,Beclometasonum + Formoterolum,"Fostex, aerozol inhalacyjny, roztwór, 100+6 µg/dawkę",poj.po 180 daw.,05909990054152
8,Beclometasonum + Formoterolum,"Fostex, aerozol inhalacyjny, roztwór, 200+6 µg/dawkę",poj.po 180 daw.,05909991245696
9,Budesonidum,"BDS N, zawiesina do nebulizacji, 0,125 mg/ml",20 amp.po 2 ml,05909991306137
10,Budesonidum,"BDS N, zawiesina do nebulizacji, 0,25 mg/ml",20 amp.po 2 ml,05909991306144
11,Budesonidum,"BDS N, zawiesina do nebulizacji, 0,5 mg/ml",20 amp.po 2 ml,05909991306151
12,Budesonidum,"Benodil, zawiesina do nebulizacji, 0,125 mg/ml",20 amp.po 2 ml,05909991283629
13,Budesonidum,"Benodil, zawiesina do nebulizacji, 0,25 mg/ml",20 amp.po 2 ml,05909991283650
14,Budesonidum,"Benodil, zawiesina do nebulizacji, 0,5 mg/ml",20 amp.po 2 ml,05909991283698
15,Budesonidum,"Budelin Novolizer 200, proszek do inhalacji, 200 µg/dawkę inhalacyjną","1 poj.po 2,18 g proszku (200 daw.)",05909991033248
16,Budesonidum,"Budelin Novolizer 200, proszek do inhalacji, 200 µg/dawkę inhalacyjną","1 poj.po 2,18 g proszku (200 daw.) + inhal. Novolizer",05909991033224
17,Budesonidum,"Budesonide Easyhaler, proszek do inhalacji, 100 µg/dawkę",1 inh.po 200 daw. + opak. ochronne (zestaw startowy),05909990337354
18,Budesonidum,"Budesonide Easyhaler, proszek do inhalacji, 200 µg/dawkę",1 inh.po 200 daw. + opak. ochronne (zestaw startowy),05909990337323
19,Budesonidum,"Budesonide Easyhaler, proszek do inhalacji, 400 µg/dawkę",1 inh.po 100 daw. + opak. ochronne (zestaw startowy),05909990337286
20,Budesonidum,"Budezonid LEK-AM, proszek do inhalacji w kaps. twardych, 200 μg/dawkę inhalacyjną",120 kaps.,05909991223793
21,Budesonidum,"Budezonid LEK-AM, proszek do inhalacji w kaps. twardych, 200 μg/dawkę inhalacyjną",60 kaps.,05909991204082
22,Budesonidum,"Budezonid LEK-AM, proszek do inhalacji w kaps. twardych, 400 μg/dawkę inhalacyjną",120 kaps.,05909991223809
23,Budesonidum,"Budezonid LEK-AM, proszek do inhalacji w kaps. twardych, 400 μg/dawkę inhalacyjną",60 kaps.,05909991203986
24,Budesonidum,"Budiair, aerozol inhalacyjny, roztwór, 200 µg/dawkę odmierzoną",1 poj.po 200 daw. odmierzonych + inh.,05909990335169
25,Budesonidum,"Budiair, aerozol inhalacyjny, roztwór, 200 µg/dawkę odmierzoną",1 poj.po 200 daw. odmierzonych + inh. z komorą inhalacyjną Jet,05909990335176
26,Budesonidum,"Budixon Neb, zawiesina do nebulizacji, 0,125 mg/ml",20 poj. 2 ml,05906414002515
27,Budesonidum,"Budixon Neb, zawiesina do nebulizacji, 0,25 mg/ml",20 poj. 2 ml,05906414002522
28,Budesonidum,"Budixon Neb, zawiesina do nebulizacji, 0,5 mg/ml",20 poj. 2 ml,05906414002539
29,Budesonidum,"Miflonide Breezhaler, proszek do inhalacji w kaps. twardych, 200 µg",60 szt. (6 blist.po 10 szt.),05909990926213
30,Budesonidum,"Miflonide Breezhaler, proszek do inhalacji w kaps. twardych, 400 µg",60 szt. (6 blist.po 10 szt.),05909990926312
31,Budesonidum,"Nebbud, zawiesina do nebulizacji, 0,25 mg/2 ml",20 szt.,05909991107925
32,Budesonidum,"Nebbud, zawiesina do nebulizacji, 0,25 mg/ml",20 amp. po 2 ml,05909991005696
33,Budesonidum,"Nebbud, zawiesina do nebulizacji, 0,5 mg/ml",20 amp. po 2 ml,05909991005733
34,Budesonidum,"Pulmicort Turbuhaler, proszek do inhalacji, 100 µg/dawkę inhalacyjną",1 poj.po 200 daw.,05909990677313
35,Budesonidum,"Pulmicort Turbuhaler, proszek do inhalacji, 200 µg/dawkę inhalacyjną",1 poj.po 100 daw.,05909990677412
36,Budesonidum,"Pulmicort, zawiesina do nebulizacji, 0,125 mg/ml",20 poj.po 2 ml,05909990445615
37,Budesonidum,"Pulmicort, zawiesina do nebulizacji, 0,25 mg/ml",20 poj.po 2 ml,05909990445714
38,Budesonidum,"Pulmicort, zawiesina do nebulizacji, 0,5 mg/ml",20 poj.po 2 ml,05909990445813
39,Budesonidum,"Pulmicort, zawiesina do nebulizacji, 0,5 mg/ml",20 poj.po 2 ml,05909991233099
40,Budesonidum,"Pulmicort, zawiesina do nebulizacji, 0,5 mg/ml",20 poj.po 2 ml,05909991269784
41,Budesonidum,"Ribuspir, aerozol inhalacyjny, roztwór, 200 µg/dawkę odmierzoną",1 poj.po 200 daw. odmierzonych + inh.,05909990335183
42,Budesonidum,"Ribuspir, aerozol inhalacyjny, roztwór, 200 µg/dawkę odmierzoną",1 poj.po 200 daw. odmierzonych + inh. z komorą inhalacyjną Jet,05909990335190
43,Budesonidum + Formoteroli fumaras dihydricus,"Airbufo Forspiro, proszek do inhalacji, 160+4,5 µg/dawkę inhalacyjną",1 inh. po 60 dawek,07613421020866
44,Budesonidum + Formoteroli fumaras dihydricus,"Airbufo Forspiro, proszek do inhalacji, podzielony, 160+4,5 µg/dawkę inhalacyjną",2 inh. po 60 dawek,05907626709476
45,Budesonidum + Formoteroli fumaras dihydricus,"Symbicort Turbuhaler, proszek do inhalacji, 160+4,5 µg/dawkę inhalacyjną",1 inh. po 120 daw.,05909990873074
46,Budesonidum + Formoterolum,"Bufomix Easyhaler, proszek do inhalacji, 160+4,5 µg/dawkę inhalacyjną",1 inh. po 120 daw. z opakowaniem ochronnym,05909991137458
47,Budesonidum + Formoterolum,"Bufomix Easyhaler, proszek do inhalacji, 160+4,5 µg/dawkę inhalacyjną",1 inh. po 60 daw. z opakowaniem ochronnym,05909991137465
48,Budesonidum + Formoterolum,"Bufomix Easyhaler, proszek do inhalacji, 320+9 µg/dawkę inhalacyjną",1 inh.po 60 daw. z opakowaniem ochronnym,05909991137625
49,Budesonidum + Formoterolum,"DuoResp Spiromax, proszek do inhalacji, 160+4,5 µg",1 inhalator (120 dawek),05909991136932
50,Budesonidum + Formoterolum,"DuoResp Spiromax, proszek do inhalacji, 320+9 µg",1 inhalator (60 dawek),05909991136963
51,Budesonidum + Formoterolum,"Symbicort Turbuhaler, proszek do inhalacji, 320+9 µg/dawkę inhalacyjną",1 inh.po 60 daw.,05909990873241
52,Budesonidum + Formoterolum,"Symbicort Turbuhaler, proszek do inhalacji, 80+4,5 µg/dawkę inhalacyjną",1 inh.po 60 daw.,05909990872886
53,Carbamazepinum,"Amizepin, tabl., 200 mg",50 szt.,05909990043910
54,Carbamazepinum,"Finlepsin 200 retard, tabl. o przedłużonym uwalnianiu, 200 mg",50 szt.,05909991030315
55,Carbamazepinum,"Finlepsin 400 retard, tabl. o przedłużonym uwalnianiu, 400 mg",30 szt.,05909991014216
56,Carbamazepinum,"Finlepsin 400 retard, tabl. o przedłużonym uwalnianiu, 400 mg",50 szt.,05909991014223
57,Carbamazepinum,"Finlepsin, tabl., 200 mg",50 szt.,05909991014117
58,Carbamazepinum,"Neurotop retard 300, tabl. o przedłużonym uwalnianiu, 300 mg",50 szt. (5 blist.po 10 szt.),05909990244515
59,Carbamazepinum,"Neurotop retard 600, tabl. o przedłużonym uwalnianiu, 600 mg",50 szt. (5 blist.po 10 szt.),05909990244614
60,Carbamazepinum,"Tegretol CR 200, tabl. o zmodyfikowanym uwalnianiu, 200 mg",50 szt. (5 blist.po 10 szt.),05909990120215
61,Carbamazepinum,"Tegretol CR 400, tabl. o zmodyfikowanym uwalnianiu, 400 mg",30 szt. (3 blist.po 10 szt.),05909990120116
62,Carbamazepinum,"Tegretol, zawiesina doustna, 20 mg/ml",100 ml,05909990341917
63,Carbamazepinum,"Tegretol, zawiesina doustna, 20 mg/ml",250 ml,05909990341924
64,Ciclesonidum,"Alvesco 160, aerozol inhalacyjny, roztwór, 160 µg",1 poj. 120 daw.,05909990212064
65,Ciclesonidum,"Alvesco 160, aerozol inhalacyjny, roztwór, 160 µg",1 poj. 60 daw.,05909990218530
66,Ciclesonidum,"Alvesco 80, aerozol inhalacyjny, roztwór, 80 µg",1 poj. 120 daw.,05909990212057
67,Ciclesonidum,"Alvesco 80, aerozol inhalacyjny, roztwór, 80 µg",1 poj. 60 daw.,05909990218523
68,Dalteparinum natricum,"Fragmin, roztwór do wstrzykiwań, 10000 j.m. (anty-Xa)/0,4 ml","5 amp.-strz.po 0,4 ml",05909990958818
69,Dalteparinum natricum,"Fragmin, roztwór do wstrzykiwań, 12500 j.m. (anty-Xa)/0,5 ml","5 amp.-strz.po 0,5 ml",05909990949519
70,Dalteparinum natricum,"Fragmin, roztwór do wstrzykiwań, 15000 j.m. (anty-Xa)/0,6 ml","5 amp.-strz.po 0,6 ml",05909990949618
71,Dalteparinum natricum,"Fragmin, roztwór do wstrzykiwań, 18000 j.m. (anty-Xa)/0,72 ml","5 amp.-strz z igłą po 0,72 ml",05909990949717
72,Dalteparinum natricum,"Fragmin, roztwór do wstrzykiwań, 2500 j.m. (anty-Xa)/0,2 ml","10 amp.-strz.po 0,2 ml",05909990776412
73,Dalteparinum natricum,"Fragmin, roztwór do wstrzykiwań, 5000 j.m. (anty-Xa)/0,2 ml","10 amp.-strz.po 0,2 ml",05909990776511
74,Dalteparinum natricum,"Fragmin, roztwór do wstrzykiwań, 7500 j.m. (anty-Xa)/0,3 ml","10 amp.-strz.po 0,3 ml",05909990949410
75,Enoxaparinum natricum,"Clexane forte, roztwór do wstrzykiwań, 120 mg/0,8 ml","10 amp.-strz.po 0,8 ml",05909990891429
76,Enoxaparinum natricum,"Clexane forte, roztwór do wstrzykiwań, 150 mg/1 ml",10 amp.-strz.po 1 ml,05909990891528
77,Enoxaparinum natricum,"Clexane, roztwór do wstrzykiwań, 100 mg/ml","10 amp.-strz.po 0,2 ml",05909990048328
78,Enoxaparinum natricum,"Clexane, roztwór do wstrzykiwań, 100 mg/ml","10 amp.-strz.po 0,4 ml",05909990048427
79,Enoxaparinum natricum,"Clexane, roztwór do wstrzykiwań, 100 mg/ml","10 amp.-strz.po 0,6 ml",05909990774821
80,Enoxaparinum natricum,"Clexane, roztwór do wstrzykiwań, 100 mg/ml","10 amp.-strz.po 0,8 ml",05909990775026
81,Enoxaparinum natricum,"Clexane, roztwór do wstrzykiwań, 100 mg/ml",10 amp.-strz.po 1 ml,05909990774920
82,Enoxaparinum natricum,"Losmina, roztwór do wstrzykiwań w ampułko-strzykawce, 100 mg/1 ml",10 amp.-strz.,05909991379001
83,Enoxaparinum natricum,"Losmina, roztwór do wstrzykiwań w ampułko-strzykawce, 20 mg/0,2 ml",10 amp.-strz.,05909991378783
84,Enoxaparinum natricum,"Losmina, roztwór do wstrzykiwań w ampułko-strzykawce, 40 mg/0,4 ml",10 amp.-strz.,05909991379186
85,Enoxaparinum natricum,"Losmina, roztwór do wstrzykiwań w ampułko-strzykawce, 60 mg/0,6 ml",10 amp.-strz.,05909991379100
86,Enoxaparinum natricum,"Losmina, roztwór do wstrzykiwań w ampułko-strzykawce, 80 mg/0,8 ml",10 amp.-strz.,05909991378943
87,Enoxaparinum natricum,"Neoparin Forte, roztwór do wstrzykiwań w ampułko-strzykawce, 120 mg/0,8 ml",10 amp.-strz.,05906395161126
88,Enoxaparinum natricum,"Neoparin Forte, roztwór do wstrzykiwań w ampułko-strzykawce, 150 mg/1 ml",10 amp.-strz.,05906395161164
89,Enoxaparinum natricum,"Neoparin, roztwór do wstrzykiwań, 100 mg/1 ml",10 amp.-strz.po 1 ml,05906395161096
90,Enoxaparinum natricum,"Neoparin, roztwór do wstrzykiwań, 20 mg/0,2 ml","10 amp.-strz.po 0,2 ml",05906395161010
91,Enoxaparinum natricum,"Neoparin, roztwór do wstrzykiwań, 40 mg/0,4 ml","10 amp.-strz.po 0,4 ml",05906395161034
92,Enoxaparinum natricum,"Neoparin, roztwór do wstrzykiwań, 60 mg/0,6 ml","10 amp.-strz.po 0,6 ml",05906395161058
93,Enoxaparinum natricum,"Neoparin, roztwór do wstrzykiwań, 80 mg/0,8 ml","10 amp.-strz.po 0,8 ml",05906395161072
94,Fenoterolum,"Berotec N 100, aerozol inhalacyjny, roztwór, 100 µg/dawkę",1 poj.po 10 ml (200 daw.),05909990376414
95,Fenoterolum + Ipratropii bromidum,"Berodual N, aerozol inhalacyjny, roztwór, 50+21 µg/dawkę inhalacyjną",1 poj.po 200 dawek,05909990917815
96,Fenoterolum + Ipratropii bromidum,"Berodual, roztwór do nebulizacji, 0,5+0,25 mg/ml",20 ml,05909990101917
97,Fluticasoni propionas,"Flutixon Neb, zawiesina do nebulizacji, 0,5 mg/2 ml",10 amp. 2 ml,05906414003062
98,Fluticasoni propionas + Salmeterolum,"AirFluSal Forspiro, proszek do inhalacji, 250+50 µg",1 inh.po 60 daw.,05909991274931
99,Fluticasoni propionas + Salmeterolum,"AirFluSal Forspiro, proszek do inhalacji, 500+50 µg",1 inh.po 60 daw.,05909991274955
100,Fluticasoni propionas + Salmeterolum,"Asaris, proszek do inhalacji, 100+50 (µg + µg)/dawkę inhalacyjną",1 inhalator 60 dawek,05909991034870
101,Fluticasoni propionas + Salmeterolum,"Asaris, proszek do inhalacji, 250+50 (µg + µg)/dawkę inhalacyjną",1 inhalator 60 dawek,05909991034887
102,Fluticasoni propionas + Salmeterolum,"Asaris, proszek do inhalacji, 500+50 (µg + µg)/dawkę inhalacyjną",1 inhalator 60 dawek,05909991034894
103,Fluticasoni propionas + Salmeterolum,"Comboterol, aerozol inhalacyjny, zawiesina, 125+25 µg/dawkę inhalacyjną",1 poj. 120 dawek,05906720534670
104,Fluticasoni propionas + Salmeterolum,"Comboterol, aerozol inhalacyjny, zawiesina, 250+25 µg/dawkę inhalacyjną",1 poj. 120 dawek,05906720534687
105,Fluticasoni propionas + Salmeterolum,"Fluticomb, aerozol inhalacyjny, zawiesina, 125+25 µg/dawkę inhalacyjną",1 inhalator 120 dawek,05909991403959
106,Fluticasoni propionas + Salmeterolum,"Fluticomb, aerozol wziewny, zawiesina, 250+25 µg/dawkę odmierzoną",1 inhalator 120 dawek,05909991403966
107,Fluticasoni propionas + Salmeterolum,"Fluticomb, aerozol wziewny, zawiesina, 50+25 µg/dawkę odmierzoną",1 inhalator 120 dawek,05909991403898
108,Fluticasoni propionas + Salmeterolum,"Salflumix Easyhaler, proszek do inhalacji, 250+50 µg/dawkę odmierzoną",1 inh.po 60 daw.,05909991383626
109,Fluticasoni propionas + Salmeterolum,"Salflumix Easyhaler, proszek do inhalacji, 500+50 µg/dawkę odmierzoną",1 inh.po 60 daw.,05909991383657
110,Fluticasoni propionas + Salmeterolum,"Salmex, proszek do inhalacji, 100+50 (µg + µg)/dawkę inhalacyjną",1 inhalator (60 dawek),05909991034900
111,Fluticasoni propionas + Salmeterolum,"Salmex, proszek do inhalacji, 250+50 (µg + µg)/dawkę inhalacyjną",1 inhalator (60 dawek),05909991034924
112,Fluticasoni propionas + Salmeterolum,"Salmex, proszek do inhalacji, 500+50 (µg + µg)/dawkę inhalacyjną",1 inhalator (60 dawek),05909991034931
113,Fluticasoni propionas + Salmeterolum,"Seretide 125, aerozol wziewny, zawiesina, 125+25 µg/dawkę inhalacyjną",120 daw. (1 poj.po 120 daw.),05909990907014
114,Fluticasoni propionas + Salmeterolum,"Seretide 250, aerozol wziewny, zawiesina, 250+25 µg/dawkę inhalacyjną",120 daw. (1 poj.po 120 daw.),05909990907113
115,Fluticasoni propionas + Salmeterolum,"Seretide 50, aerozol wziewny, zawiesina, 50+25 µg/dawkę inhalacyjną",120 daw. (1 poj.po 120 daw.),05909990906918
116,Fluticasoni propionas + Salmeterolum,"Seretide Dysk 100, proszek do inhalacji, 100+50 µg/dawkę inhalacyjną",1 poj.po 60 daw.,05909990832422
117,Fluticasoni propionas + Salmeterolum,"Seretide Dysk 250, proszek do inhalacji, 250+50 µg/dawkę inhalacyjną",1 poj.po 60 daw.,05909990832521
118,Fluticasoni propionas + Salmeterolum,"Seretide Dysk 500, proszek do inhalacji, 500+50 µg/dawkę inhalacyjną",1 poj.po 60 daw.,05909990832620
119,Fluticasoni propionas + Salmeterolum,"Symflusal, proszek do inhalacji, 250+50 µg/dawkę inhalacyjną",1 blister 60 dawek  + inhalator Elpenhaler,05909991078980
120,Fluticasoni propionas + Salmeterolum,"Symflusal, proszek do inhalacji, 500+50 µg/dawkę inhalacyjną",1 blister 60 dawek  + inhalator Elpenhaler,05909991079055
121,Fluticasonum,"Flixotide Dysk, proszek do inhalacji, 100 µg/dawkę inhalacyjną",60 daw.,05909990484621
122,Fluticasonum,"Flixotide Dysk, proszek do inhalacji, 250 µg/dawkę inhalacyjną",60 daw.,05909990484720
123,Fluticasonum,"Flixotide Dysk, proszek do inhalacji, 50 µg/dawkę inhalacyjną",60 daw.,05909990484522
124,Fluticasonum,"Flixotide Dysk, proszek do inhalacji, 500 µg/dawkę inhalacyjną",60 daw.,05909990484829
125,Fluticasonum,"Flixotide, aerozol inhalacyjny, zawiesina, 125 µg",120 daw.,05909990851423
126,Fluticasonum,"Flixotide, aerozol inhalacyjny, zawiesina, 125 µg",60 daw.,05909990851416
127,Fluticasonum,"Flixotide, aerozol inhalacyjny, zawiesina, 250 µg",120 daw.,05909990851522
128,Fluticasonum,"Flixotide, aerozol inhalacyjny, zawiesina, 250 µg",60 daw.,05909990851515
129,Fluticasonum,"Flixotide, aerozol inhalacyjny, zawiesina, 50 µg",120 daw.,05909990851317
130,Fluticasonum,"Flixotide, zawiesina do nebulizacji, 0,5 mg/2 ml",10 poj. (2 sasz.po 5 poj.),05909990956517
131,Fluticasonum,"Flixotide, zawiesina do nebulizacji, 2 mg/2 ml",10 poj. (2 sasz.po 5 poj.),05909990956616
132,Fluticasonum,"Flutixon, proszek do inhalacji w kaps. twardej, 125 µg",120 kaps.,05909990938001
133,Fluticasonum,"Flutixon, proszek do inhalacji w kaps. twardej, 125 µg/dawkę inhalacyjną",60 kaps.,05909990785858
134,Fluticasonum,"Flutixon, proszek do inhalacji w kaps. twardej, 250 µg",120 kaps.,05909990938025
135,Fluticasonum,"Flutixon, proszek do inhalacji w kaps. twardej, 250 µg/dawkę inhalacyjną",60 kaps.,05909990785889
136,Formoteroli fumaras,"Foradil, proszek do inhalacji w kaps. twardych, 12 μg",180 szt.,07613421020934
137,Formoteroli fumaras,"Foramed, proszek do inhalacji w kaps. twardych, 12 µg/dawkę inhalacyjną",60 szt. (6 blist.po 10 szt.) + inh.,05909991109523
138,Formoteroli fumaras,"Zafiron, proszek do inhalacji w kaps. twardych, 12 µg",120 kaps.,05909990937981
139,Formoteroli fumaras dihydricus,"Oxodil PPH, proszek do inhalacji w kaps. twardych, 12 µg",60 kaps.,05909990849000
140,Formoterolum,"Atimos, aerozol inhalacyjny, roztwór, 12 µg/dawkę odmierzoną",1 szt. (1 poj.po 120 daw.),05909990620777
141,Formoterolum,"Foradil, proszek do inhalacji w kaps. twardych, 12 µg",60 szt. (6 blist.po 10 szt.),05909990792924
142,Formoterolum,"Foramed, proszek do inhalacji w kaps. twardych, 12 µg/dawkę inhalacyjną",120 szt.,05909991086602
143,Formoterolum,"Forastmin, proszek do inhalacji w kaps. twardej, 12 µg",60 szt. (1 but.po 60 szt.),05909990614400
144,Formoterolum,"Forastmin, proszek do inhalacji w kapsułce twardej, 12 μg",120 szt (2 but.po 60 szt.),05909991218287
145,Formoterolum,"Forastmin, proszek do inhalacji w kapsułce twardej, 12 μg",180 szt (3 but.po 60 szt.),05909991218294
146,Formoterolum,"Formoterol Easyhaler, proszek do inhalacji, 12 mcg",1 poj. (120 daw.) (+ op.ochr.),05909990337446
147,Formoterolum,"Oxis Turbuhaler, proszek do inhalacji, 4,5 µg/dawkę",1 inh.po 60 daw.,05909990445219
148,Formoterolum,"Oxis Turbuhaler, proszek do inhalacji, 9 µg/dawkę",1 inh.po 60 daw.,05909990445318
149,Formoterolum,"Oxodil PPH, proszek do inhalacji w kaps. twardych, 12 µg",120 szt.,05909990996681
150,Formoterolum,"Zafiron, proszek do inhalacji w kaps. twardych, 12 µg",60 kaps. (6 blist.po 10 kaps.),05909990975914
151,Hydrocortisonum,"Hydrocortisonum-SF, tabl., 10 mg",60 szt.,05909991218140
152,Insulini iniectio neutralis + Insulinum isophanum,"Insuman Comb 25, zawiesina do wstrzykiwań, 100 j.m./ml",5 wkł.po 3 ml,05909990915613
153,Insulini iniectio neutralis + Insulinum isophanum,"Mixtard 30 Penfill, zawiesina do wstrzykiwań we wkładzie, 100 j.m./ml",5 wkł.po 3 ml,05909990238323
154,Insulini iniectio neutralis + Insulinum isophanum,"Mixtard 40 Penfill, zawiesina do wstrzykiwań we wkładzie, 100 j.m./ml",5 wkł.po 3 ml,05909990347124
155,Insulini iniectio neutralis + Insulinum isophanum,"Mixtard 50 Penfill, zawiesina do wstrzykiwań we wkładzie, 100 j.m./ml",5 wkł.po 3 ml,05909990348121
156,Insulini iniectio neutralis + Insulinum isophanum,"Polhumin Mix - 2, zawiesina do wstrzykiwań, 100 j.m./ml",5 wkł.po 3 ml,05909991022921
157,Insulini iniectio neutralis + Insulinum isophanum,"Polhumin Mix - 3, zawiesina do wstrzykiwań, 100 j.m./ml",5 wkł.po 3 ml,05909991023027
158,Insulini iniectio neutralis + Insulinum isophanum,"Polhumin Mix - 4, zawiesina do wstrzykiwań, 100 j.m./ml",5 wkł.po 3 ml,05909991023126
159,Insulini iniectio neutralis + Insulinum isophanum,"Polhumin Mix - 5, zawiesina do wstrzykiwań, 100 j.m./ml",5 wkł.po 3 ml,05909991023324
160,Insulini injectio neutralis,"Actrapid Penfill, roztwór do wstrzykiwań we wkładzie, 100 j.m./ml",5 wkł.po 3 ml,05909990237920
161,Insulini injectio neutralis,"Insuman Rapid, roztwór do wstrzykiwań, 100 j.m./ml",5 wkł.po 3 ml,05909990914715
162,Insulinum aspartum,"Fiasp, roztwór do wstrz., 100 j.m./ml",1 fiol. a 10 ml,05909991378059
163,Insulinum aspartum,"Fiasp, roztwór do wstrz., 100 j.m./ml",5 wkł.po 3 ml,05909991306298
164,Insulinum aspartum,"Insulin aspart Sanofi, roztwór do wstrzykiwań, 100 j/ml",10 wstrzykiwaczy 3 ml SoloStar,05909991429171
165,Insulinum aspartum,"NovoMix 30 Penfill, zawiesina do wstrzykiwań we wkładzie, 100 j/ml",5 wkł.po 3 ml,05909990879915
166,Insulinum aspartum,"NovoMix 50 Penfill, zawiesina do wstrzykiwań we wkładzie, 100 j/ml",5 wkł.po 3ml,05909990614981
167,Insulinum aspartum,"NovoRapid Penfill, roztwór do wstrzykiwań we wkładzie, 100 j/ml",5 wkł.po 3 ml,05909990451814
168,Insulinum aspartum,"NovoRapid, roztwór do wstrzykiwań, 100 j/ml",1 fiol.po 10 ml,05909991369668
169,Insulinum degludecum,"Tresiba FlexTouch, roztwór do wstrzykiwań we wstrzykiwaczu , 200 j/ml",3 wstrzykiwacze po 3 ml,05909991107864
170,Insulinum degludecum,"Tresiba Penfill, roztwór do wstrzykiwań we wkładzie , 100 j/ml",5 wkł.po 3 ml (Penfill),05909991107833
171,Insulinum degludecum + Insulinum aspartum,"Ryzodeg, roztwór do wstrzykiwań, 100 j.m./ml",5 wkł.po 3 ml Penfill,05909991371562
172,Insulinum detemirum,"Levemir, roztwór do wstrzykiwań we wkładzie, 100 j/ml",5 wkł.po 3 ml (Penfill),05909990005741
173,Insulinum glarginum,"Abasaglar, roztwór do wstrzykiwań we wkładzie, 100 j.m./ml",10 wkł.po 3 ml,05909991201982
174,Insulinum glarginum,"Lantus, roztwór do wstrzykiwań, 100 j/ml",5 wkladów po 3 ml,05909990895717
175,Insulinum glarginum,"Lantus, roztwór do wstrzykiwań, 100 j/ml",5 wstrzykiwaczy SoloStar po 3 ml,05909990617555
176,Insulinum glarginum,"Toujeo, roztwór do wstrzykiwań we wstrzykiwaczu, 300 j/ml","10 wstrzykiwaczy SoloStar po 1,5 ml",05909991231538
177,Insulinum glulisinum,"Apidra SoloStar, roztwór do wstrzykiwań, 100 j.m./ml",5 wstrz.po 3 ml,05909990617197
178,Insulinum glulisinum,"Apidra, roztwór do wstrzykiwań, 100 j./ml",1 fiol.po 10 ml,05909990008483
179,Insulinum glulisinum,"Apidra, roztwór do wstrzykiwań, 100 j./ml",5 wkł.po 3 ml,05909990008575
180,Insulinum humanum,"Gensulin M30 (30/70), zawiesina do wstrzykiwań, 100 j.m./ml",1 fiol.po 10 ml,05909990853014
181,Insulinum humanum,"Gensulin M30 (30/70), zawiesina do wstrzykiwań, 100 j.m./ml",5 wkł.po 3 ml,05909990853113
182,Insulinum humanum,"Gensulin M40 (40/60), zawiesina do wstrzykiwań, 100 j.m./ml",5 wkł.po 3 ml,05909990853311
183,Insulinum humanum,"Gensulin M50 (50/50), zawiesina do wstrzykiwań, 100 j.m./ml",5 wkł.po 3 ml,05909990853519
184,Insulinum humanum,"Gensulin N, zawiesina do wstrzykiwań, 100 j.m./ml",1 fiol.po 10 ml,05909990852314
185,Insulinum humanum,"Gensulin N, zawiesina do wstrzykiwań, 100 j.m./ml",5 wkł.po 3 ml,05909990852413
186,Insulinum humanum,"Gensulin R, roztwór do wstrzykiwań, 100 j.m./ml",1 fiol.po 10 ml,05909990852017
187,Insulinum humanum,"Gensulin R, roztwór do wstrzykiwań, 100 j.m./ml",5 wkł.po 3 ml,05909990852116
188,Insulinum humanum,"Humulin M3 (30/70), zawiesina do wstrzykiwań, 100 j.m./ml",5 wkł.po 3 ml,05909990246014
189,Insulinum humanum,"Humulin N, zawiesina do wstrzykiwań, 100 j.m./ml",5 wkł.po 3 ml,05909990246717
190,Insulinum humanum,"Humulin R, roztwór do wstrzykiwań, 100 j.m./ml",5 wkł.po 3 ml,05909990247011
191,Insulinum humanum,"Insuman Basal SoloStar 100 j.m./ml zawiesina do wstrzykiwań we wstrzykiwaczu, zawiesina do wstrzykiwań, 100 j.m./ml",5 wstrzykiwaczy SoloStar po 3 ml,05909990672448
192,Insulinum humanum,"Insuman Comb 25 SoloStar 100 j.m./ml zawiesina do wstrzykiwań we wstrzykiwaczu, zawiesina do wstrzykiwań, 100 j.m./ml",5 wstrzykiwaczy SoloStar po 3 ml,05909990672585
193,Insulinum humanum,"Insuman Rapid SoloStar 100 j.m./ml roztwór do wstrzykiwań we wstrzykiwaczu, roztwór do wstrzykiwań we wstrzykiwaczu, 100 j.m./ml",5 wstrzykiwaczy SoloStar po 3 ml,05909990672363
194,Insulinum humanum,"Polhumin N, zawiesina do wstrzykiwań, 100 j.m./ml",5 wkł.po 3 ml,05909991022525
195,Insulinum humanum,"Polhumin R, roztwór do wstrzykiwań, 100 j.m./ml",5 wkł.po 3 ml,05909991022822
196,Insulinum isophanum,"Insulatard Penfill, zawiesina do wstrzykiwań we wkładzie, 100 j.m./ml",5 wkł.po 3 ml,05909990348923
197,Insulinum isophanum,"Insuman Basal, zawiesina do wstrzykiwań, 100 j.m./ml",5 wkł.po 3 ml,05909990915019
198,Insulinum lisprum,"Insulin Lispro Sanofi, roztwór do wstrzykiwań we wstrzykiwaczu, 100 j./ml",10 wstrz. 3 ml SoloStar,05909991333553
199,Insulinum lisprum,"Liprolog Junior KwikPen, roztwór do wstrz., 100 j.m./ml",5 wstrzyk. po 3 ml,05907677973123
200,Insulinum lisprum,"Liprolog KwikPen, roztwór do wstrz., 200 j.m./ml",5 wstrzyk. po 3 ml,05999885490165
201,Insulinum lisprum,"Liprolog, roztwór do wstrz., 100 j.m./ml",1 fiol. a 10 ml,05909990005482
202,Insulinum lisprum,"Liprolog, roztwór do wstrzykiwań, 100 j.m./ml",10 wkł.po 3 ml,05909990005536
203,"Insulinum lisprum zinci protaminati injectio + Insulinum lisprum, injectio neutralis","Humalog Mix25, zawiesina do wstrzykiwań, 100 j.m./ml",5 wkł.po 3 ml,05909990455010
204,"Insulinum lisprum zinci protaminati injectio + Insulinum lisprum, injectio neutralis","Humalog Mix50, zawiesina do wstrzykiwań, 100 j.m./ml",5 wkł.po 3 ml,05909990455614
205,"Insulinum lisprum, injectio neutralis","Humalog, roztwór do wstrzykiwań, 100 j.m./ml",5 wkł.po 3 ml,05909990692422
206,Ipratropii bromidum,"Atrodil, aerozol inhalacyjny, roztwór, 20 µg",1 poj.po 10 ml (200 daw.),05909991185879
207,Ipratropii bromidum,"Atrovent N, aerozol wziewny, roztwór, 20 µg/dawkę inhalacyjną",1 poj.po 10 ml (200 daw.),05909990999019
208,Ipratropii bromidum,"Atrovent, płyn do inhalacji z nebulizatora, 250 µg/ml",1 but.po 20 ml,05909990322114
209,Lamotriginum,"Epitrigine 100 mg tabletki, tabl., 100 mg",30 szt. (3 blist.po 10 szt.),05909990334766
210,Lamotriginum,"Epitrigine 50 mg tabletki, tabl., 50 mg",30 szt. (3 blist.po 10 szt.),05909990334759
211,Lamotriginum,"Lamilept, tabl., 100 mg",30 szt.,05909990038480
212,Lamotriginum,"Lamilept, tabl., 25 mg",30 szt.,05909990038701
213,Lamotriginum,"Lamilept, tabl., 50 mg",30 szt.,05909990038565
214,Lamotriginum,"Lamitrin S, tabl. do sporządzania zawiesiny/do rozgryzania i żucia, 100 mg",30 szt.,05909990787319
215,Lamotriginum,"Lamitrin S, tabl. do sporządzania zawiesiny/do rozgryzania i żucia, 25 mg",30 szt.,05909990787210
216,Lamotriginum,"Lamitrin, tabl., 100 mg",30 szt.,05909990346318
217,Lamotriginum,"Lamitrin, tabl., 100 mg",60 szt.,05909990346325
218,Lamotriginum,"Lamotrigine Farmax, tabletki, 100 mg",30 tabl.,05909991311773
219,Lamotriginum,"Lamotrigine Farmax, tabletki, 25 mg",30 tabl.,05909991311629
220,Lamotriginum,"Lamotrigine Farmax, tabletki, 50 mg",30 tabl.,05909991311698
221,Lamotriginum,"Lamotrix, tabl., 100 mg",30 szt. (3 blist.po 10 szt.),05909991006617
222,Lamotriginum,"Lamotrix, tabl., 100 mg",90 szt.,05909990961092
223,Lamotriginum,"Lamotrix, tabl., 25 mg",30 szt. (3 blist.po 10 szt.),05909991006419
224,Lamotriginum,"Lamotrix, tabl., 50 mg",30 szt. (3 blist.po 10 szt.),05909991006518
225,Lamotriginum,"Symla, tabl., 100 mg",30 szt.,05909990972616
226,Lamotriginum,"Symla, tabl., 25 mg",30 szt.,05909990972418
227,Lamotriginum,"Symla, tabl., 25 mg",30 szt.,05909991138349
228,Lamotriginum,"Symla, tabl., 50 mg",30 szt.,05909990972517
229,Levetiracetamum,"Cezarius, roztwór doustny, 100 mg/ml",300 ml,05909990928149
230,Levetiracetamum,"Cezarius, tabl. powl., 1000 mg",50 szt.,05909990928248
231,Levetiracetamum,"Cezarius, tabl. powl., 250 mg",50 szt.,05909990928200
232,Levetiracetamum,"Cezarius, tabl. powl., 500 mg",50 szt.,05909990928224
233,Levetiracetamum,"Cezarius, tabl. powl., 750 mg",50 szt.,05909990928231
234,Levetiracetamum,"Keppra, roztwór do stosowania doustnego, 100 mg/ml",300 ml,05909990006755
235,Levetiracetamum,"Keppra, tabl. powl., 1000 mg",100 szt.,05909990901326
236,Levetiracetamum,"Keppra, tabl. powl., 1000 mg",50 szt.,05909990901319
237,Levetiracetamum,"Keppra, tabl. powl., 250 mg",100 szt.,05909990901128
238,Levetiracetamum,"Keppra, tabl. powl., 250 mg",50 szt.,05909990901111
239,Levetiracetamum,"Keppra, tabl. powl., 500 mg",100 szt.,05909990901227
240,Levetiracetamum,"Keppra, tabl. powl., 500 mg",50 szt.,05909990901210
241,Levetiracetamum,"Keppra, tabl. powl., 750 mg",100 szt.,05909990006670
242,Levetiracetamum,"Keppra, tabl. powl., 750 mg",50 szt.,05909990006649
243,Levetiracetamum,"Levebon, tabl. powl., 1000 mg",50 szt.,05909990989805
244,Levetiracetamum,"Levebon, tabl. powl., 500 mg",50 szt.,05909990989379
245,Levetiracetamum,"Levetiracetam Accord, roztwór doustny, 100 mg/ml",1 but.po 150 ml + strz.po 1 ml,05909991374518
246,Levetiracetamum,"Levetiracetam Accord, roztwór doustny, 100 mg/ml",1 but.po 300 ml + strz.po 10 ml,05909991374501
247,Levetiracetamum,"Levetiracetam Accord, tabl. powl., 1000 mg",100 szt.,05909990921751
248,Levetiracetamum,"Levetiracetam Accord, tabl. powl., 1000 mg",50 szt.,05909990921737
249,Levetiracetamum,"Levetiracetam Accord, tabl. powl., 250 mg",50 szt.,05909990921492
250,Levetiracetamum,"Levetiracetam Accord, tabl. powl., 500 mg",100 szt.,05909990921591
251,Levetiracetamum,"Levetiracetam Accord, tabl. powl., 500 mg",50 szt.,05909990921577
252,Levetiracetamum,"Levetiracetam Accord, tabl. powl., 750 mg",50 szt.,05909990921652
253,Levetiracetamum,"Levetiracetam Accord, tabletki powlekane, 250 mg",100 tabl.,05909990921522
254,Levetiracetamum,"Levetiracetam Accord, tabletki powlekane, 750 mg",100 tabl.,05909990921676
255,Levetiracetamum,"Levetiracetam Aurovitas, roztwór doustny, 100 mg/ml",1 but.po 300 ml + strz.po 10 ml,05909991361372
256,Levetiracetamum,"Levetiracetam Aurovitas, tabl. powl., 1000 mg",50 szt.,05909990971305
257,Levetiracetamum,"Levetiracetam Aurovitas, tabl. powl., 250 mg",50 szt.,05909990970957
258,Levetiracetamum,"Levetiracetam Aurovitas, tabl. powl., 500 mg",50 szt.,05909990971060
259,Levetiracetamum,"Levetiracetam Aurovitas, tabl. powl., 750 mg",50 szt.,05909990971183
260,Levetiracetamum,"Levetiracetam NeuroPharma, roztwór doustny, 100 mg/ml",300 ml (but.),05909990958672
261,Levetiracetamum,"Levetiracetam NeuroPharma, tabl. powl., 1000 mg",100 szt.,05909990959167
262,Levetiracetamum,"Levetiracetam NeuroPharma, tabl. powl., 1000 mg",50 szt.,05909990959129
263,Levetiracetamum,"Levetiracetam NeuroPharma, tabl. powl., 250 mg",100 szt.,05909990958764
264,Levetiracetamum,"Levetiracetam NeuroPharma, tabl. powl., 250 mg",50 szt.,05909990958726
265,Levetiracetamum,"Levetiracetam NeuroPharma, tabl. powl., 500 mg",100 szt.,05909990959037
266,Levetiracetamum,"Levetiracetam NeuroPharma, tabl. powl., 500 mg",50 szt.,05909990958986
267,Levetiracetamum,"Levetiracetam NeuroPharma, tabl. powl., 750 mg",100 szt.,05909990958894
268,Levetiracetamum,"Levetiracetam NeuroPharma, tabl. powl., 750 mg",50 szt.,05909990958856
269,Levetiracetamum,"Normeg, tabl. powl., 1000 mg",50 szt.,05909990998302
270,Levetiracetamum,"Normeg, tabl. powl., 250 mg",50 szt.,05909990998135
271,Levetiracetamum,"Normeg, tabl. powl., 500 mg",50 szt.,05909990998180
272,Levetiracetamum,"Normeg, tabl. powl., 750 mg",50 szt.,05909990998258
273,Levetiracetamum,"Polkepral, tabl. powl., 1000 mg",100 szt.,05909991032043
274,Levetiracetamum,"Polkepral, tabl. powl., 1000 mg",50 szt.,05909991031992
275,Levetiracetamum,"Polkepral, tabl. powl., 250 mg",50 szt.,05909991031497
276,Levetiracetamum,"Polkepral, tabl. powl., 500 mg",100 szt.,05909991031640
277,Levetiracetamum,"Polkepral, tabl. powl., 500 mg",50 szt.,05909991031602
278,Levetiracetamum,"Polkepral, tabl. powl., 750 mg",50 szt.,05909991031886
279,Levetiracetamum,"Trund, roztwór doustny, 100 mg/ml",1 but.po 300 ml ze strz.po 10 ml i łącznikiem,05909990925841
280,Levetiracetamum,"Trund, tabl. powl., 1000 mg",100 szt.,05909990925957
281,Levetiracetamum,"Trund, tabl. powl., 1000 mg",50 szt.,05909990925940
282,Levetiracetamum,"Trund, tabl. powl., 250 mg",50 szt.,05909990925858
283,Levetiracetamum,"Trund, tabl. powl., 500 mg",100 szt.,05909990925889
284,Levetiracetamum,"Trund, tabl. powl., 500 mg",50 szt.,05909990925872
285,Levetiracetamum,"Trund, tabl. powl., 750 mg",50 szt.,05909990925926
286,Levetiracetamum,"Vetira, roztwór doustny , 100 mg/ml",1 but.po 300 ml + strz.po 10 ml,05909990935901
287,Levetiracetamum,"Vetira, roztwór doustny, 100 mg/ml",150 ml,05909990935895
288,Levetiracetamum,"Vetira, tabl. powl., 1000 mg",50 szt.,05909990936250
289,Levetiracetamum,"Vetira, tabl. powl., 250 mg",50 szt.,05909990935956
290,Levetiracetamum,"Vetira, tabl. powl., 500 mg",50 szt.,05909990936052
291,Levetiracetamum,"Vetira, tabl. powl., 750 mg",50 szt.,05909990936151
292,Levothyroxinum natricum,"Euthyrox N 100, tabl., 100 µg",100 szt. (4 blist.po 25 szt.),05909991051426
293,Levothyroxinum natricum,"Euthyrox N 100, tabl., 100 µg",50 szt. (2 blist.po 25 szt.),05909991051419
294,Levothyroxinum natricum,"Euthyrox N 112 µg, tabl., 112 µg",50 szt. (2 blist.po 25 szt.),05909990719006
295,Levothyroxinum natricum,"Euthyrox N 125, tabl., 125 µg",100 szt. (4 blist.po 25 szt.),05909991051525
296,Levothyroxinum natricum,"Euthyrox N 125, tabl., 125 µg",50 szt. (2 blist.po 25 szt.),05909991051518
297,Levothyroxinum natricum,"Euthyrox N 137 µg, tabl., 137 µg",50 szt. (2 blist.po 25 szt.),05909990719037
298,Levothyroxinum natricum,"Euthyrox N 150, tabl., 150 µg",100 szt. (4 blist.po 25 szt.),05909991051624
299,Levothyroxinum natricum,"Euthyrox N 150, tabl., 150 µg",50 szt. (2 blist.po 25 szt.),05909991051617
300,Levothyroxinum natricum,"Euthyrox N 175, tabl., 175 µg",50 szt. (2 blist.po 25 szt.),05909991051716
301,Levothyroxinum natricum,"Euthyrox N 200, tabl., 200 µg",50 szt. (2 blist.po 25 szt.),05909991051815
302,Levothyroxinum natricum,"Euthyrox N 25, tabl., 25 µg",100 szt. (4 blist.po 25 szt.),05909991051129
303,Levothyroxinum natricum,"Euthyrox N 25, tabl., 25 µg",50 szt. (2 blist.po 25 szt.),05909991051112
304,Levothyroxinum natricum,"Euthyrox N 50, tabl., 50 µg",100 szt. (4 blist.po 25 szt.),05909991051228
305,Levothyroxinum natricum,"Euthyrox N 50, tabl., 50 µg",50 szt. (2 blist.po 25 szt.),05909991051211
306,Levothyroxinum natricum,"Euthyrox N 75, tabl., 75 µg",100 szt. (4 blist.po 25 szt.),05909991051327
307,Levothyroxinum natricum,"Euthyrox N 75, tabl., 75 µg",50 szt. (2 blist.po 25 szt.),05909991051310
308,Levothyroxinum natricum,"Euthyrox N 88 µg, tabl., 88 µg",50 szt. (2 blist.po 25 szt.),05909990718986
309,Levothyroxinum natricum,"Letrox 100, tabl., 100 µg",50 szt. (2 blist.po 25 szt.),05909990168910
310,Levothyroxinum natricum,"Letrox 125 mikrogramów, tabl., 125 μg",50 szt.,05909991107307
311,Levothyroxinum natricum,"Letrox 150, tabl., 150 µg",50 szt.,05909990820610
312,Levothyroxinum natricum,"Letrox 50, tabl., 50 µg",50 szt. (2 blist.po 25 szt.),05909990374014
313,Levothyroxinum natricum,"Letrox 75 mikrogramów, tabl., 75 μg",50 szt.,05909991107260
314,Methylprednisolonum,"Depo-Medrol, zawiesina do wstrzykiwań, 40 mg/ml",1 fiol.po 1 ml,05909990154814
315,Methylprednisolonum,"Medrol, tabl., 16 mg",50 szt. (5 blist.po 10 szt.),05909990683215
316,Methylprednisolonum,"Medrol, tabl., 4 mg",30 szt. (3 blist.po 10 szt.),05909990683123
317,Methylprednisolonum,"Meprelon, tabl., 16 mg",30 szt.,05909990835539
318,Methylprednisolonum,"Meprelon, tabl., 4 mg",30 szt.,05909990834501
319,Methylprednisolonum,"Meprelon, tabl., 8 mg",30 szt.,05909990834464
320,Methylprednisolonum,"Metypred, tabl., 16 mg",30 szt.,05909990316618
321,Methylprednisolonum,"Metypred, tabl., 4 mg",30 szt.,05909990316519
322,Methylprednisolonum + Lidocainum,"Depo-Medrol z Lidokainą, zawiesina do wstrzykiwań, 40+10 mg/ml",1 fiol.po 1 ml,05909990236312
323,Metoprololi tartras,"Metocard, tabl., 50 mg",30 szt. (3 blist.po 10 szt.),05909990034420
324,Metoprololum,"Metocard, tabl., 100 mg",30 szt. (3 blist.po 10 szt.),05909990034529
325,Mometasonum,"Asmanex Twisthaler, proszek do inhalacji, 400 µg/dawkę",1 poj.po 60 daw.,05909991106638
326,Montelukastum,"Asmenol, tabl. powl., 10 mg",28 szt. (2 blist.po 14 szt.),05909990670758
327,Montelukastum,"Astmodil, tabl. do rozgryzania i żucia, 4 mg",28 szt.,05909990881758
328,Montelukastum,"Astmodil, tabl. do rozgryzania i żucia, 5 mg",28 szt.,05909990881772
329,Montelukastum,"Astmodil, tabl. powl., 10 mg",28 szt.,05909990881734
330,Montelukastum,"Milukante, tabl. do rozgryzania i żucia, 4 mg",28 szt. (4 blist.po 7 szt.),05909990668144
331,Montelukastum,"Milukante, tabl. do rozgryzania i żucia, 5 mg",28 szt. (4 blist.po 7 szt.),05909990668120
332,Montelukastum,"Milukante, tabl. powl., 10 mg",28 szt. (4 blist.po 7 szt.),05909990668137
333,Montelukastum,"Monkasta, tabl. do rozgryzania i żucia, 4 mg",28 szt.,05909990662685
334,Montelukastum,"Monkasta, tabl. do rozgryzania i żucia, 5 mg",28 szt.,05909990662647
335,Montelukastum,"Monkasta, tabl. powl., 10 mg",28 szt.,05909990671243
336,Montelukastum,"Montelukast Bluefish, tabl. do rozgryzania i żucia, 4 mg",28 szt.,05909990871650
337,Montelukastum,"Montelukast Bluefish, tabl. do rozgryzania i żucia, 5 mg",28 szt.,05909990871766
338,Montelukastum,"Montelukast Bluefish, tabl. powl., 10 mg",28 szt.,05909990871858
339,Montelukastum,"Montelukast Medreg, tabl. powl., 10 mg",28 szt.,05909991329235
340,Montelukastum,"Montelukast Sandoz, tabl. do rozgryzania i żucia, 4 mg",28 szt.,05909990803743
341,Montelukastum,"Montelukast Sandoz, tabl. do rozgryzania i żucia, 5 mg",28 szt.,05909990803767
342,Montelukastum,"Montelukast Sandoz, tabl. powl., 10 mg",28 szt.,05909990780266
343,Montelukastum,"Montelukast Sandoz, tabl. powl., 10 mg",60 szt.,05907626703481
344,Montelukastum,"Orilukast, tabl. do rozgryzania i żucia, 4 mg",28 szt.,05909990893188
345,Montelukastum,"Orilukast, tabl. do rozgryzania i żucia, 5 mg",28 szt.,05909990893263
346,Montelukastum,"Orilukast, tabl., 10 mg",28 szt.,05909990893294
347,Montelukastum,"Promonta, tabl. do rozgryzania i żucia, 4 mg",28 szt. (4 blist.po 7 szt.),05909990671052
348,Montelukastum,"Promonta, tabl. do rozgryzania i żucia, 5 mg",28 szt. (4 blist.po 7 szt.),05909990671076
349,Montelukastum,"Promonta, tabl. powl., 10 mg",28 szt. (4 blist.po 7 szt.),05909990671090
350,Montelukastum,"Romilast, tabl. do rozgryzania i żucia, 4 mg",28 szt.,05909991007263
351,Montelukastum,"Romilast, tabl. do rozgryzania i żucia, 5 mg",28 szt.,05909991007270
352,Montelukastum,"Romilast, tabl. powl., 10 mg",28 szt.,05909991007300
353,Nadroparinum calcicum,"Fraxiparine, roztwór do wstrzykiwań, 2850 j.m. Axa/0,3 ml","10 amp.-strz.po 0,3 ml",05909990075621
354,Nadroparinum calcicum,"Fraxiparine, roztwór do wstrzykiwań, 3800 j.m. Axa/0,4 ml","10 amp.-strz.po 0,4 ml",05909990716821
355,Nadroparinum calcicum,"Fraxiparine, roztwór do wstrzykiwań, 5700 j.m. Axa/0,6 ml","10 amp.-strz.po 0,6 ml",05909990075720
356,Nadroparinum calcicum,"Fraxiparine, roztwór do wstrzykiwań, 7600 j.m. Axa/0,8 ml","10 amp.-strz.po 0,8 ml",05909990716920
357,Nadroparinum calcicum,"Fraxiparine, roztwór do wstrzykiwań, 9500 j.m. Axa/ml",10 amp.-strz.po 1 ml,05909990075829
358,Nadroparinum calcicum,"Fraxodi, roztwór do wstrzykiwań, 11400 j.m. Axa/0,6 ml","10 amp.-strz.po 0,6 ml",05909990836932
359,Nadroparinum calcicum,"Fraxodi, roztwór do wstrzykiwań, 15200 j.m. AXa/0,8 ml","10 amp.-strz.po 0,8 ml",05909990837038
360,Nadroparinum calcicum,"Fraxodi, roztwór do wstrzykiwań, 19000 j.m. Axa/ml",10 amp.-strz.po 1 ml,05909990837137
361,Oxcarbazepinum,"Karbagen, tabl. powl., 150 mg",50 szt.,05909990048809
362,Oxcarbazepinum,"Karbagen, tabl. powl., 300 mg",50 szt.,05909990048823
363,Oxcarbazepinum,"Karbagen, tabl. powl., 600 mg",50 szt.,05909990048854
364,Oxcarbazepinum,"Oxcarbazepin NeuroPharma, tabl. powl., 150 mg",50 tabl.,05909991303518
365,Oxcarbazepinum,"Oxcarbazepin NeuroPharma, tabl. powl., 300 mg",50 tabl.,05909991300661
366,Oxcarbazepinum,"Oxcarbazepin NeuroPharma, tabl. powl., 600 mg",50 tabl.,05909991300739
367,Oxcarbazepinum,"Oxepilax, tabl., 300 mg",50 szt.,05909991057480
368,Oxcarbazepinum,"Oxepilax, tabl., 600 mg",50 szt.,05909991057497
369,Oxcarbazepinum,"Trileptal, tabl. powl., 300 mg",50 szt. (5 blist.po 10 szt.),05909990825615
370,Oxcarbazepinum,"Trileptal, tabl. powl., 600 mg",50 szt. (5 blist.po 10 szt.),05909990825714
371,Oxcarbazepinum,"Trileptal, zawiesina doustna, 60 mg/ml",250 ml,05909990747115
372,Prednisolonum,"Encortolon, tabl., 5 mg",20 szt.,05904374007946
373,Prednisolonum,"Encortolon, tabl., 5 mg",20 szt.,05909990170715
374,Prednisolonum,"Predasol, tabletki, 20 mg",20 tabl.,05909991356712
375,Prednisonum,"Encorton, tabl., 1 mg",20 szt.,05909990170616
376,Prednisonum,"Encorton, tabl., 1 mg",20 szt.,05909991289416
377,Prednisonum,"Encorton, tabl., 10 mg",20 szt.,05909990405312
378,Prednisonum,"Encorton, tabl., 20 mg",20 szt.,05909990405411
379,Prednisonum,"Encorton, tabl., 5 mg",100 szt.,05909990641192
380,Prednisonum,"Encorton, tabl., 5 mg",20 szt.,05909990641185
381,Progesteronum,"Luteina 50, tabl. podjęzykowe, 50 mg",30 szt.,05906414002355
382,Progesteronum,"Luteina 50, tabl. podjęzykowe, 50 mg",30 szt.,05909990267422
383,Progesteronum,"Luteina, tabl. dopochwowe, 100 mg",30 szt.,05909991076207
384,Progesteronum,"Luteina, tabl. dopochwowe, 100 mg",60 tabl.,05909991103231
385,Progesteronum,"Luteina, tabl. dopochwowe, 200 mg",30 szt.,05909991076238
386,Progesteronum,"Luteina, tabl. dopochwowe, 50 mg",30 szt.,05909990569380
387,Salbutamolum,"Aspulmo, aerozol inhalacyjny, zawiesina, 100 µg/dawkę",1 poj.a 200 dawek (10 ml),05909990848065
388,Salbutamolum,"Buventol Easyhaler, proszek do inhalacji, 100 µg/dawkę",200 daw. (inhalator proszkowy + poj. ochronny),05909991106928
389,Salbutamolum,"Buventol Easyhaler, proszek do inhalacji, 200 µg/dawkę",200 daw. (inhalator proszkowy + poj. ochronny),05909991107826
390,Salbutamolum,"Sabumalin, aerozol inhalacyjny, zawiesina, 100 µg/dawkę","1 poj.po 8,5 g (200 daw.)",05909990764150
391,Salbutamolum,"Salbutamol Hasco, syrop, 2 mg/5 ml",1 but.po 100 ml,05909990317516
392,Salbutamolum,"Ventolin, aerozol wziewny, zawiesina, 100 µg/dawkę inhalacyjną",1 poj.po 200 daw.,05909990442010
393,Salbutamolum,"Ventolin, płyn do inhalacji z nebulizatora, 1 mg/ml","20 amp.po 2,5 ml",05909990454013
394,Salbutamolum,"Ventolin, płyn do inhalacji z nebulizatora, 2 mg/ml","20 amp.po 2,5 ml",05909990454112
395,Salmeterolum,"Pulmoterol, proszek do inhalacji w kaps. twardych, 50 µg/dawkę inhalacyjną",60 szt. (6 blist.po 10 szt.) + inh.,05909991109424
396,Salmeterolum,"Pulmoterol, proszek do inhalacji w kaps. twardych, 50 µg/dawkę inhalacyjną",90 szt. (9 blist.po 10 szt.) + inhalator,05909991109431
397,Salmeterolum,"Pulmoterol, proszek do inhalacji w kapsułkach twardych, 50 µg",120 szt. (12 blist.po 10 szt. + inhalator),05909991206390
398,Salmeterolum,"Pulveril, aerozol inhalacyjny, zawiesina, 25 µg/dawkę",120 dawek,05909990867653
399,Salmeterolum,"Serevent Dysk, proszek do inhalacji, 50 µg/dawkę inhalacyjną",1 poj.po 60 daw.,05909990437825
400,Salmeterolum,"Serevent, aerozol inhalacyjny, zawiesina, 25 µg/dawkę inhalacyjną",1 szt. (1 szt.po 120 daw.),05909990623099