LP,Substancja czynna,Nazwa  postać i dawka,Zawartość opakowania,Numer GTIN lub inny kod jednoznacznie identyfikujący produkt,Termin wejścia w życie decyzji,Okres obowiązywania decyzji,Grupa limitowa,Urzędowa cena zbytu,Cena hurtowa brutto,Cena detaliczna,Wysokość limitu finansowania,Zakres wskazań objętych refundacją,Zakres wskazań pozarejestracyjnych objętych refundacją,Poziom odpłatności,Wysokość dopłaty świadczeniobiorcy
1,Dieta,"Infatrini, płyn",3000 ml (24 x 125 ml),8716900565021,2021-09-01,2 lata,"250.1, Dieta stosowana w niedożywieniu związanym z chorobą u niemowląt i dzieci do 6 r.ż.","135,00","141,75","154,33","96,50","Postępowanie dietetyczne w niedożywieniu związanym z chorobą podstawową u niemowląt i dzieci do 6 r.ż. – mukowiscydoza, choroby nowotworowe, wrodzone wady serca",,ryczałt,"61,03"
2,Dieta,"Infatrini Peptisorb, płyn doustny",800 ml (4 x 200 ml),8716900562433,2022-09-01,3 lata,"217.3, Dieta peptydowa kompletna","30,90","32,45","39,82","39,82","Zespoły wrodzonych defektów metabolicznych, alergie pokarmowe i biegunki przewlekłe",,30%,"11,95"
3,Dieta,"Infatrini Powder, proszek",400 g,4008976681786,2021-11-01,2 lata,"250.1, Dieta stosowana w niedożywieniu związanym z chorobą u niemowląt i dzieci do 6 r.ż.","51,80","54,39","64,33","64,33","Postępowanie dietetyczne w niedożywieniu związanym z chorobą podstawową u niemowląt i dzieci do 6 r.ż. – mukowiscydoza, choroby nowotworowe, wrodzone wady serca",,ryczałt,"3,20"
4,Dieta eliminacyjna mlekozastępcza,"Bebilon Pepti 1 Syneo, proszek",400 g,5900852033957,2022-01-01,2 lata,"217.8, Diety eliminacyjne mlekozastępcze - hydrolizaty białek mleka","36,24","38,05","43,08","21,44","Zespoły wrodzonych defektów metabolicznych, alergie pokarmowe i biegunki przewlekłe",,30%,"28,07"
5,Dieta eliminacyjna mlekozastępcza,"Bebilon Pepti 2 Syneo, proszek",400 g,5900852033971,2022-01-01,2 lata,"217.8, Diety eliminacyjne mlekozastępcze - hydrolizaty białek mleka","39,02","40,97","48,90","43,98","Zespoły wrodzonych defektów metabolicznych, alergie pokarmowe i biegunki przewlekłe",,30%,"18,11"
6,Dieta eliminacyjna mlekozastępcza,"Humana SL, proszek",650 g,4031244002327,2021-11-01,3 lata,"217.1, Diety eliminacyjne mlekozastępcze początkowe przeznaczone dla niemowląt od urodzenia","20,89","21,93","27,72","27,72","Zespoły wrodzonych defektów metabolicznych, alergie pokarmowe i biegunki przewlekłe",,30%,"8,32"
7,Dieta eliminacyjna mlekozastępcza,"Neocate Junior (o smaku neutralnym), proszek",400 g,5016533616170,2022-11-01,3 lata,"217.9, Dieta eliminacyjna mlekozastępcza - mieszanka elementarna dla dzieci > 1 r.ż.","103,00","108,15","121,78","115,94",Postępowanie dietetyczne u dzieci w wieku powyżej 1 roku życia w ciężkiej alergii na białka mleka krowiego oraz złożonej nietolerancji białek pokarmowych,,ryczałt,"9,04"
8,Dieta eliminacyjna mlekozastępcza,"Neocate Junior (o smaku truskawkowym), proszek",400 g,5016533649970,2021-07-01,3 lata,"217.9, Dieta eliminacyjna mlekozastępcza - mieszanka elementarna dla dzieci > 1 r.ż.","103,80","108,99","122,62","115,94",Postępowanie dietetyczne u dzieci w wieku powyżej 1 roku życia w ciężkiej alergii na białka mleka krowiego oraz złożonej nietolerancji białek pokarmowych,,ryczałt,"9,88"
9,Dieta eliminacyjna mlekozastępcza,"Neocate Junior (o smaku waniliowym), proszek",400 g,5016533649956,2021-07-01,3 lata,"217.9, Dieta eliminacyjna mlekozastępcza - mieszanka elementarna dla dzieci > 1 r.ż.","103,80","108,99","122,62","115,94",Postępowanie dietetyczne u dzieci w wieku powyżej 1 roku życia w ciężkiej alergii na białka mleka krowiego oraz złożonej nietolerancji białek pokarmowych,,ryczałt,"9,88"
10,Dieta eliminacyjna mlekozastępcza,"Neocate LCP, proszek",400 g,5016533646740,2022-01-01,3 lata,"217.7, Dieta eliminacyjna mlekozastępcza - mieszanka elementarna dla niemowląt","125,50","131,78","146,87","146,87",Postępowanie dietetyczne u niemowląt w ciężkiej alergii na białka mleka krowiego oraz złożonej nietolerancji białek pokarmowych,,ryczałt,"3,20"
11,Dieta eliminacyjna mlekozastępcza,"Nutramigen 1 LGG Complete, proszek do sporządzania roztworu",400 g,8712045038819,2022-11-01,2 lata,"217.8, Diety eliminacyjne mlekozastępcze - hydrolizaty białek mleka","44,50","46,73","52,09","23,43","Alergia na białka mleka krowiego (BMK), objawy alergii na BMK lub podejrzenie alergii na BMK ze względu na występujące objawy, jak również nietolerancja laktozy, nietolerancja sacharozy, a także nadwrażliwość na inne białka (np. białka sojowe)",,30%,"35,69"
12,Dieta eliminacyjna mlekozastępcza,"Nutramigen 2 LGG Complete, proszek do sporządzania roztworu",400 g,8712045038826,2022-11-01,2 lata,"217.8, Diety eliminacyjne mlekozastępcze - hydrolizaty białek mleka","47,00","49,35","57,65","46,94","Alergia na białka mleka krowiego (BMK), objawy alergii na BMK lub podejrzenie alergii na BMK ze względu na występujące objawy, jak również nietolerancja laktozy, nietolerancja sacharozy, a także nadwrażliwość na inne białka (np. białka sojowe)",,30%,"24,79"
13,Dieta eliminacyjna mlekozastępcza,"Nutramigen 3 LGG Complete, proszek do sporządzania roztworu",400 g,8712045038833,2022-11-01,2 lata,"217.8, Diety eliminacyjne mlekozastępcze - hydrolizaty białek mleka","36,80","38,64","46,94","46,94","Alergia na białka mleka krowiego (BMK), objawy alergii na BMK lub podejrzenie alergii na BMK ze względu na występujące objawy, jak również nietolerancja laktozy, nietolerancja sacharozy, a także nadwrażliwość na inne białka (np. białka sojowe)",,30%,"14,08"
14,Dieta eliminacyjna mlekozastępcza,"Nutramigen PURAMINO, proszek do przygotowania roztworu doustnego",400 g,8712045027554,2022-07-01,3 lata,"217.6, Dieta eliminacyjna mlekozastępcza - mieszanka elementarna dla niemowląt i dzieci","116,00","121,80","136,39","136,39","Stosowanie dietetyczne u niemowląt od urodzenia i dzieci z ciężką postacią alergii na białko mleka krowiego oraz nietolerancją różnego rodzaju żywności, u których zastosowanie w postępowaniu dietetycznym hydrolizatów o znacznym stopniu hydrolizy nie przyniosło efektu, a także w alergii na białko sojowe i w przypadkach, gdy wskazane jest zastosowanie mieszanki elementarnej zwyczajnej",,ryczałt,"3,20"
15,Dieta eliminacyjna mlekozastępcza,"Nutramigen PURAMINO JUNIOR, proszek",400 g,8712045037201,2021-05-01,2 lata,"217.9, Dieta eliminacyjna mlekozastępcza - mieszanka elementarna dla dzieci > 1 r.ż.","100,92","105,97","119,77","119,77","Postępowanie dietetyczne u dzieci w wieku powyżej 1 roku życia w ciężkiej alergii na białka mleka krowiego, w alergii wielopokarmowej i innych schorzeniach, w których wskazana jest dieta elementarna",,ryczałt,"3,20"
16,Dieta eliminacyjna w fenyloketonurii,"Easiphen o smaku owoców leśnych, płyn doustny",18 x 250 ml (4500 ml),5016533625929,2022-01-01,3 lata,"216.15, Dieta eliminacyjna w fenyloketonurii z dodatkowymi składnikami energetycznymi (tłuszcze i węglowodany), porcjowana, w płynie - przeznaczona dla pacjentów powyżej 8 r.ż.","464,60","487,83","512,53","512,53",Fenyloketonuria,,ryczałt,"3,20"
17,Dieta eliminacyjna w fenyloketonurii,"Lophlex o smaku neutralnym, proszek do sporządzania zawiesiny doustnej",840 g (30 x 28 g),5016533656763,2022-03-01,3 lata,"216.14, Diety eliminacyjne w fenyloketonurii skondensowane, porcjowane - przeznaczone dla pacjentów powyżej 8 r.ż.","925,00","971,25","1008,03","1008,03",Fenyloketonuria (PKU) u pacjentów powyżej 8 roku życia,,ryczałt,"3,20"
18,Dieta eliminacyjna w fenyloketonurii,"Lophlex o smaku owoców leśnych, proszek do sporządzania zawiesiny doustnej",840 g (30 x 28 g),5016533656725,2022-03-01,3 lata,"216.14, Diety eliminacyjne w fenyloketonurii skondensowane, porcjowane - przeznaczone dla pacjentów powyżej 8 r.ż.","925,00","971,25","1008,03","1008,03",Fenyloketonuria (PKU) u pacjentów powyżej 8 roku życia,,ryczałt,"3,20"
19,Dieta eliminacyjna w fenyloketonurii,"Lophlex o smaku pomarańczowym, proszek do sporządzania zawiesiny doustnej",840 g (30 x 28 g),5016533656749,2022-03-01,3 lata,"216.14, Diety eliminacyjne w fenyloketonurii skondensowane, porcjowane - przeznaczone dla pacjentów powyżej 8 r.ż.","925,00","971,25","1008,03","1008,03",Fenyloketonuria (PKU) u pacjentów powyżej 8 roku życia,,ryczałt,"3,20"
20,Dieta eliminacyjna w fenyloketonurii,"Mevalia PKU Motion Red Fruits 10, płyn, 10 g białka",30 saszetek po 70 ml,8008698021323,2022-01-01,2 lata,"216.24, Diety eliminacyjne w fenyloketonurii, skondensowane, porcjowane, w płynie, przeznaczone dla pacjentów powyżej 3 r.ż.","461,43","484,50","509,11","502,87",Fenyloketonuria (PKU) u pacjentów powyżej 3 roku życia,,ryczałt,"9,44"
21,Dieta eliminacyjna w fenyloketonurii,"Mevalia PKU Motion Red Fruits 20, płyn, 20 g białka",30 saszetek po 140 ml,8008698021309,2022-01-01,2 lata,"216.24, Diety eliminacyjne w fenyloketonurii, skondensowane, porcjowane, w płynie, przeznaczone dla pacjentów powyżej 3 r.ż.","922,86","969,00","1005,73","1005,73",Fenyloketonuria (PKU) u pacjentów powyżej 3 roku życia,,ryczałt,"3,20"
22,Dieta eliminacyjna w fenyloketonurii,"Mevalia PKU Motion Tropical 10, płyn, 10 g białka",30 saszetek po 70 ml,8008698021286,2022-01-01,2 lata,"216.24, Diety eliminacyjne w fenyloketonurii, skondensowane, porcjowane, w płynie, przeznaczone dla pacjentów powyżej 3 r.ż.","461,43","484,50","509,11","502,87",Fenyloketonuria (PKU) u pacjentów powyżej 3 roku życia,,ryczałt,"9,44"
23,Dieta eliminacyjna w fenyloketonurii,"Mevalia PKU Motion Tropical 20, płyn, 20 g białka",30 saszetek po 140 ml,8008698015476,2022-01-01,2 lata,"216.24, Diety eliminacyjne w fenyloketonurii, skondensowane, porcjowane, w płynie, przeznaczone dla pacjentów powyżej 3 r.ż.","922,86","969,00","1005,73","1005,73",Fenyloketonuria (PKU) u pacjentów powyżej 3 roku życia,,ryczałt,"3,20"
24,Dieta eliminacyjna w fenyloketonurii,"Mevalia PKU Motion Yellow Fruits 20, płyn, 20 g białka",30 saszetek po 140 ml,8008698024331,2022-01-01,2 lata,"216.24, Diety eliminacyjne w fenyloketonurii, skondensowane, porcjowane, w płynie, przeznaczone dla pacjentów powyżej 3 r.ż.","922,86","969,00","1005,73","1005,73",Fenyloketonuria (PKU) u pacjentów powyżej 3 roku życia,,ryczałt,"3,20"
25,Dieta eliminacyjna w fenyloketonurii,"Milupa PKU 1, proszek",500 g,5016533644418,2022-01-01,3 lata,"216.1, Dieta eliminacyjna w fenyloketonurii skondensowana - przeznaczona dla niemowląt","278,83","292,77","312,59","312,59",Fenyloketonuria,,ryczałt,"3,20"
26,Dieta eliminacyjna w fenyloketonurii,"Milupa PKU 1 mix, proszek",400 g,4008976595304,2021-05-01,3 lata,"216.3, Dieta eliminacyjna w fenyloketonurii nieskondensowana, z długołańcuchowymi kwasami tłuszczowymi - przeznaczona dla niemowląt","112,00","117,60","131,98","131,98",Fenyloketonuria,,ryczałt,"3,20"
27,Dieta eliminacyjna w fenyloketonurii,"Milupa PKU 2 mix, proszek",400 g,4008976340287,2022-01-01,3 lata,"216.10, Dieta eliminacyjna w fenyloketonurii zawierająca wszystkie składniki odżywcze, z długołańcuchowymi kwasami tłuszczowymi - przeznaczona dla dzieci po ukończeniu 1 r.ż.","284,00","298,20","318,16","318,16",Fenyloketonuria,,ryczałt,"3,20"
28,Dieta eliminacyjna w fenyloketonurii,"Milupa PKU 2 prima, proszek",500 g,5016533644425,2022-01-01,3 lata,"216.8, Dieta eliminacyjna w fenyloketonurii skondensowana - przeznaczona dla dzieci po ukończeniu 1 r.ż.","303,80","318,99","339,46","339,46",Fenyloketonuria,,ryczałt,"3,20"
29,Dieta eliminacyjna w fenyloketonurii,"Milupa PKU 2 secunda, proszek",500 g,5016533644432,2022-01-01,3 lata,"216.11, Dieta eliminacyjna w fenyloketonurii, skondensowana - przeznaczona dla pacjentów powyżej 8 r.ż.","352,80","370,44","392,20","392,20",Fenyloketonuria,,ryczałt,"3,20"
30,Dieta eliminacyjna w fenyloketonurii,"Milupa PKU 2 shake choco, proszek",500 g (10 sasz. x 50 g),4008976599234,2023-01-01,3 lata,"216.12, Diety eliminacyjne w fenyloketonurii z dodatkowymi składnikami energetycznymi (tłuszcze i węglowodany), porcjowane - przeznaczone dla pacjentów powyżej 8 r.ż","249,85","262,34","281,40","281,40",Fenyloketonuria,,ryczałt,"3,20"
31,Dieta eliminacyjna w fenyloketonurii,"Milupa PKU 2 shake truskawkowy, proszek",500 g (10 sasz. x 50 g),4008976599227,2023-01-01,3 lata,"216.12, Diety eliminacyjne w fenyloketonurii z dodatkowymi składnikami energetycznymi (tłuszcze i węglowodany), porcjowane - przeznaczone dla pacjentów powyżej 8 r.ż","249,85","262,34","281,40","281,40",Fenyloketonuria,,ryczałt,"3,20"
32,Dieta eliminacyjna w fenyloketonurii,"Milupa PKU 3, tabl. powl.",600 szt. (60 x 10 szt.),4008976340331,2022-01-01,3 lata,"216.6, Diety eliminacyjne w fenyloketonurii porcjowane, w postaci tabletek powlekanych – przeznaczone dla pacjentów powyżej 15 r.ż.","455,00","477,75","502,19","502,19",Fenyloketonuria,,ryczałt,"3,20"
33,Dieta eliminacyjna w fenyloketonurii,"Milupa PKU 3 advanta, proszek",500 g,5016533644449,2022-01-01,3 lata,"216.5, Dieta eliminacyjna w fenyloketonurii, skondensowana - przeznaczona dla pacjentów powyżej 15 r.ż.","396,90","416,75","439,67","439,67",Fenyloketonuria,,ryczałt,"3,20"
34,Dieta eliminacyjna w fenyloketonurii,"Milupa PKU 3 tempora, proszek do sporządzania roztworu doustnego",450 g (10 x 45g),4008976340294,2022-07-01,3 lata,"216.18, Diety eliminacyjne w fenyloketonurii przeznaczone do stosowania u kobiet w okresie prekoncepcji, podczas ciąży oraz w okresie laktacji","362,00","380,10","402,10","402,10",Fenyloketonuria,,ryczałt,"3,20"
35,Dieta eliminacyjna w fenyloketonurii,"Phenyl-Free 1, proszek do sporządzania roztworu",454 g,0300875102138,2022-01-01,3 lata,"216.2, Dieta eliminacyjna w fenyloketonurii - przeznaczona dla niemowląt i małych dzieci","124,21","130,42","145,44","145,44",Fenyloketonuria,,ryczałt,"3,20"
36,Dieta eliminacyjna w fenyloketonurii,"Phenyl-Free 2, proszek do sporządzania roztworu",454 g,0300875100066,2022-01-01,3 lata,"216.13, Dieta eliminacyjna w fenyloketonurii - przeznaczona dla dzieci i dorosłych","117,57","123,45","138,12","138,12",Fenyloketonuria,,ryczałt,"3,20"
37,Dieta eliminacyjna w fenyloketonurii,"Phenyl-Free 2HP, proszek do sporządzania roztworu",454 g,0300875100127,2022-01-01,3 lata,"216.16, Dieta eliminacyjna w fenyloketonurii - przeznaczona dla dzieci i dorosłych, w tym dla kobiet w ciąży","173,11","181,77","198,81","198,81",Fenyloketonuria,,ryczałt,"3,20"
38,Dieta eliminacyjna w fenyloketonurii,"PKU Anamix junior (o smaku czekoladowym), proszek",1080 g (30 sasz.po 36 g),5016533648225,2021-11-01,3 lata,"216.9, Diety eliminacyjne w fenyloketonurii nieskondensowane, porcjowane - przeznaczone dla dzieci w wieku od 1 do 10 r.ż.","481,37","505,44","530,58","530,58",Fenyloketonuria,,ryczałt,"3,20"
39,Dieta eliminacyjna w fenyloketonurii,"PKU Anamix junior (o smaku neutralnym), proszek",1080 g (30 sasz.po 36 g),5016533648263,2021-11-01,3 lata,"216.9, Diety eliminacyjne w fenyloketonurii nieskondensowane, porcjowane - przeznaczone dla dzieci w wieku od 1 do 10 r.ż.","481,37","505,44","530,58","530,58",Fenyloketonuria,,ryczałt,"3,20"
40,Dieta eliminacyjna w fenyloketonurii,"PKU Anamix junior (o smaku owoców leśnych), proszek",1080 g (30 sasz.po 36 g),5016533648201,2021-11-01,3 lata,"216.9, Diety eliminacyjne w fenyloketonurii nieskondensowane, porcjowane - przeznaczone dla dzieci w wieku od 1 do 10 r.ż.","481,37","505,44","530,58","530,58",Fenyloketonuria,,ryczałt,"3,20"
41,Dieta eliminacyjna w fenyloketonurii,"PKU Anamix junior (o smaku pomarańczowym), proszek",1080 g (30 sasz.po 36 g),5016533648249,2021-11-01,3 lata,"216.9, Diety eliminacyjne w fenyloketonurii nieskondensowane, porcjowane - przeznaczone dla dzieci w wieku od 1 do 10 r.ż.","481,37","505,44","530,58","530,58",Fenyloketonuria,,ryczałt,"3,20"
42,Dieta eliminacyjna w fenyloketonurii,"PKU Anamix junior (o smaku waniliowym), proszek",1080 g (30 sasz.po 36 g),5016533648287,2021-11-01,3 lata,"216.9, Diety eliminacyjne w fenyloketonurii nieskondensowane, porcjowane - przeznaczone dla dzieci w wieku od 1 do 10 r.ż.","481,37","505,44","530,58","530,58",Fenyloketonuria,,ryczałt,"3,20"
43,Dieta eliminacyjna w fenyloketonurii,"PKU Cooler 10 Orange, płyn, 10 g białka",30 torebek po 87 ml,5060014059994,2023-01-01,3 lata,"216.20, Dieta eliminacyjna w fenyloketonurii gotowa do użycia, w płynie, skondensowana, porcjowana zawierająca DHA przeznaczona dla dzieci powyżej 3 r.ż., młodzieży, dorosłych oraz kobiet w ciąży","540,00","567,00","593,68","593,68",Fenyloketonuria,,ryczałt,"3,20"
44,Dieta eliminacyjna w fenyloketonurii,"PKU Cooler 10 Purple, płyn, 10 g białka",30 torebek po 87 ml,5060014059987,2023-01-01,3 lata,"216.20, Dieta eliminacyjna w fenyloketonurii gotowa do użycia, w płynie, skondensowana, porcjowana zawierająca DHA przeznaczona dla dzieci powyżej 3 r.ż., młodzieży, dorosłych oraz kobiet w ciąży","540,00","567,00","593,68","593,68",Fenyloketonuria,,ryczałt,"3,20"
45,Dieta eliminacyjna w fenyloketonurii,"PKU Cooler 10 Red, płyn, 10 g białka",30 torebek po 87 ml,5060014059970,2023-01-01,3 lata,"216.20, Dieta eliminacyjna w fenyloketonurii gotowa do użycia, w płynie, skondensowana, porcjowana zawierająca DHA przeznaczona dla dzieci powyżej 3 r.ż., młodzieży, dorosłych oraz kobiet w ciąży","540,00","567,00","593,68","593,68",Fenyloketonuria,,ryczałt,"3,20"
46,Dieta eliminacyjna w fenyloketonurii,"PKU Cooler 10 White, płyn, 10 g białka",30 torebek po 87 ml,5060014059963,2023-01-01,3 lata,"216.20, Dieta eliminacyjna w fenyloketonurii gotowa do użycia, w płynie, skondensowana, porcjowana zawierająca DHA przeznaczona dla dzieci powyżej 3 r.ż., młodzieży, dorosłych oraz kobiet w ciąży","540,00","567,00","593,68","593,68",Fenyloketonuria,,ryczałt,"3,20"
47,Dieta eliminacyjna w fenyloketonurii,"PKU Cooler 10 Yellow, płyn, 10 g białka",30 torebek po 87 ml,5060014059895,2022-07-01,3 lata,"216.20, Dieta eliminacyjna w fenyloketonurii gotowa do użycia, w płynie, skondensowana, porcjowana zawierająca DHA przeznaczona dla dzieci powyżej 3 r.ż., młodzieży, dorosłych oraz kobiet w ciąży","540,00","567,00","593,68","593,68",Fenyloketonuria,,ryczałt,"3,20"
48,Dieta eliminacyjna w fenyloketonurii,"PKU Cooler 15 Orange, płyn, 15 g białka",30 torebek po 130 ml,5060385940037,2023-01-01,3 lata,"216.20, Dieta eliminacyjna w fenyloketonurii gotowa do użycia, w płynie, skondensowana, porcjowana zawierająca DHA przeznaczona dla dzieci powyżej 3 r.ż., młodzieży, dorosłych oraz kobiet w ciąży","810,00","850,50","884,26","884,26",Fenyloketonuria,,ryczałt,"3,20"
49,Dieta eliminacyjna w fenyloketonurii,"PKU Cooler 15 Purple, płyn, 15 g białka",30 torebek po 130 ml,5060385940020,2023-01-01,3 lata,"216.20, Dieta eliminacyjna w fenyloketonurii gotowa do użycia, w płynie, skondensowana, porcjowana zawierająca DHA przeznaczona dla dzieci powyżej 3 r.ż., młodzieży, dorosłych oraz kobiet w ciąży","810,00","850,50","884,26","884,26",Fenyloketonuria,,ryczałt,"3,20"
50,Dieta eliminacyjna w fenyloketonurii,"PKU Cooler 15 Red, płyn, 15 g białka",30 torebek po 130 ml,5060385940013,2023-01-01,3 lata,"216.20, Dieta eliminacyjna w fenyloketonurii gotowa do użycia, w płynie, skondensowana, porcjowana zawierająca DHA przeznaczona dla dzieci powyżej 3 r.ż., młodzieży, dorosłych oraz kobiet w ciąży","810,00","850,50","884,26","884,26",Fenyloketonuria,,ryczałt,"3,20"
51,Dieta eliminacyjna w fenyloketonurii,"PKU Cooler 15 White, płyn, 15 g białka",30 torebek po 130 ml,5060385940006,2023-01-01,3 lata,"216.20, Dieta eliminacyjna w fenyloketonurii gotowa do użycia, w płynie, skondensowana, porcjowana zawierająca DHA przeznaczona dla dzieci powyżej 3 r.ż., młodzieży, dorosłych oraz kobiet w ciąży","810,00","850,50","884,26","884,26",Fenyloketonuria,,ryczałt,"3,20"
52,Dieta eliminacyjna w fenyloketonurii,"PKU Cooler 15 Yellow, płyn, 15 g białka",30 torebek po 130 ml,5060014059901,2022-07-01,3 lata,"216.20, Dieta eliminacyjna w fenyloketonurii gotowa do użycia, w płynie, skondensowana, porcjowana zawierająca DHA przeznaczona dla dzieci powyżej 3 r.ż., młodzieży, dorosłych oraz kobiet w ciąży","810,00","850,50","884,26","884,26",Fenyloketonuria,,ryczałt,"3,20"
53,Dieta eliminacyjna w fenyloketonurii,"PKU Cooler 20 Orange, płyn, 20 g białka",30 torebek po 174 ml,5060385940075,2023-01-01,3 lata,"216.20, Dieta eliminacyjna w fenyloketonurii gotowa do użycia, w płynie, skondensowana, porcjowana zawierająca DHA przeznaczona dla dzieci powyżej 3 r.ż., młodzieży, dorosłych oraz kobiet w ciąży","1080,00","1134,00","1174,85","1174,85",Fenyloketonuria,,ryczałt,"3,20"
54,Dieta eliminacyjna w fenyloketonurii,"PKU Cooler 20 Purple, płyn, 20 g białka",30 torebek po 174 ml,5060385940068,2023-01-01,3 lata,"216.20, Dieta eliminacyjna w fenyloketonurii gotowa do użycia, w płynie, skondensowana, porcjowana zawierająca DHA przeznaczona dla dzieci powyżej 3 r.ż., młodzieży, dorosłych oraz kobiet w ciąży","1080,00","1134,00","1174,85","1174,85",Fenyloketonuria,,ryczałt,"3,20"
55,Dieta eliminacyjna w fenyloketonurii,"PKU Cooler 20 Red, płyn, 20 g białka",30 torebek po 174 ml,5060385940051,2023-01-01,3 lata,"216.20, Dieta eliminacyjna w fenyloketonurii gotowa do użycia, w płynie, skondensowana, porcjowana zawierająca DHA przeznaczona dla dzieci powyżej 3 r.ż., młodzieży, dorosłych oraz kobiet w ciąży","1080,00","1134,00","1174,85","1174,85",Fenyloketonuria,,ryczałt,"3,20"
56,Dieta eliminacyjna w fenyloketonurii,"PKU Cooler 20 White, płyn, 20 g białka",30 torebek po 174 ml,5060385940044,2023-01-01,3 lata,"216.20, Dieta eliminacyjna w fenyloketonurii gotowa do użycia, w płynie, skondensowana, porcjowana zawierająca DHA przeznaczona dla dzieci powyżej 3 r.ż., młodzieży, dorosłych oraz kobiet w ciąży","1080,00","1134,00","1174,85","1174,85",Fenyloketonuria,,ryczałt,"3,20"
57,Dieta eliminacyjna w fenyloketonurii,"PKU Cooler 20 Yellow, płyn, 20 g białka",30 torebek po 174 ml,5060014059918,2022-07-01,3 lata,"216.20, Dieta eliminacyjna w fenyloketonurii gotowa do użycia, w płynie, skondensowana, porcjowana zawierająca DHA przeznaczona dla dzieci powyżej 3 r.ż., młodzieży, dorosłych oraz kobiet w ciąży","1080,00","1134,00","1174,85","1174,85",Fenyloketonuria,,ryczałt,"3,20"
58,Dieta eliminacyjna w fenyloketonurii,"PKU Express 15 o smaku cytrynowym, proszek, 15 g białka",30 saszetek po 25 g,5060385942369,2023-01-01,3 lata,"216.21, Dieta eliminacyjna w fenyloketonurii - skondensowany, porcjowany preparat w proszku, przeznaczony dla pacjentów powyżej 3 r. ż., młodzieży, dorosłych w tym kobiet w ciąży","810,00","850,50","884,26","884,26",Fenyloketonuria,,ryczałt,"3,20"
59,Dieta eliminacyjna w fenyloketonurii,"PKU Express 15 o smaku neutralnym, proszek, 15 g białka",30 saszetek po 25 g,5060385942345,2023-01-01,3 lata,"216.21, Dieta eliminacyjna w fenyloketonurii - skondensowany, porcjowany preparat w proszku, przeznaczony dla pacjentów powyżej 3 r. ż., młodzieży, dorosłych w tym kobiet w ciąży","810,00","850,50","884,26","884,26",Fenyloketonuria,,ryczałt,"3,20"
60,Dieta eliminacyjna w fenyloketonurii,"PKU Express 15 o smaku owoców tropikalnych, proszek, 15 g białka",30 saszetek po 25 g,5060385942383,2023-01-01,3 lata,"216.21, Dieta eliminacyjna w fenyloketonurii - skondensowany, porcjowany preparat w proszku, przeznaczony dla pacjentów powyżej 3 r. ż., młodzieży, dorosłych w tym kobiet w ciąży","810,00","850,50","884,26","884,26",Fenyloketonuria,,ryczałt,"3,20"
61,Dieta eliminacyjna w fenyloketonurii,"PKU Express 15 o smaku pomarańczowym, proszek, 15 g białka",30 saszetek po 25 g,5060385942406,2023-01-01,3 lata,"216.21, Dieta eliminacyjna w fenyloketonurii - skondensowany, porcjowany preparat w proszku, przeznaczony dla pacjentów powyżej 3 r. ż., młodzieży, dorosłych w tym kobiet w ciąży","810,00","850,50","884,26","884,26",Fenyloketonuria,,ryczałt,"3,20"
62,Dieta eliminacyjna w fenyloketonurii,"PKU Express 20 o smaku cytrynowym, proszek, 20 g białka",30 saszetek po 34 g,5060385942376,2023-01-01,3 lata,"216.21, Dieta eliminacyjna w fenyloketonurii - skondensowany, porcjowany preparat w proszku, przeznaczony dla pacjentów powyżej 3 r. ż., młodzieży, dorosłych w tym kobiet w ciąży","1080,00","1134,00","1174,85","1174,85",Fenyloketonuria,,ryczałt,"3,20"
63,Dieta eliminacyjna w fenyloketonurii,"PKU Express 20 o smaku neutralnym, proszek, 20 g białka",30 saszetek po 34 g,5060385942352,2023-01-01,3 lata,"216.21, Dieta eliminacyjna w fenyloketonurii - skondensowany, porcjowany preparat w proszku, przeznaczony dla pacjentów powyżej 3 r. ż., młodzieży, dorosłych w tym kobiet w ciąży","1080,00","1134,00","1174,85","1174,85",Fenyloketonuria,,ryczałt,"3,20"
64,Dieta eliminacyjna w fenyloketonurii,"PKU Express 20 o smaku owoców tropikalnych, proszek, 20 g białka",30 saszetek po 34 g,5060385942390,2023-01-01,3 lata,"216.21, Dieta eliminacyjna w fenyloketonurii - skondensowany, porcjowany preparat w proszku, przeznaczony dla pacjentów powyżej 3 r. ż., młodzieży, dorosłych w tym kobiet w ciąży","1080,00","1134,00","1174,85","1174,85",Fenyloketonuria,,ryczałt,"3,20"
65,Dieta eliminacyjna w fenyloketonurii,"PKU Express 20 o smaku pomarańczowym, proszek, 20 g białka",30 saszetek po 34 g,5060385942413,2023-01-01,3 lata,"216.21, Dieta eliminacyjna w fenyloketonurii - skondensowany, porcjowany preparat w proszku, przeznaczony dla pacjentów powyżej 3 r. ż., młodzieży, dorosłych w tym kobiet w ciąży","1080,00","1134,00","1174,85","1174,85",Fenyloketonuria,,ryczałt,"3,20"
66,Dieta eliminacyjna w fenyloketonurii,"PKU Gel o smaku malinowym, proszek, 10/24 g białka/g",30 saszetek po 24 g,5060014051455,2021-07-01,3 lata,"216.22, Dieta eliminacyjna w fenyloketonurii - skondensowany, porcjowany preparat w proszku, przeznaczony dla dzieci od 6 m-ca z. do 10 r.z.","500,00","525,00","550,63","550,63",Fenyloketonuria,,ryczałt,"3,20"
67,Dieta eliminacyjna w fenyloketonurii,"PKU Gel o smaku neutralnym, proszek, 10/24 g białka/g",30 saszetek po 24 g,5060014051448,2021-07-01,3 lata,"216.22, Dieta eliminacyjna w fenyloketonurii - skondensowany, porcjowany preparat w proszku, przeznaczony dla dzieci od 6 m-ca z. do 10 r.z.","500,00","525,00","550,63","550,63",Fenyloketonuria,,ryczałt,"3,20"
68,Dieta eliminacyjna w fenyloketonurii,"PKU Gel o smaku pomarańczowym, proszek, 10/24 g białka/g",30 saszetek po 24 g,5060014051462,2021-07-01,3 lata,"216.22, Dieta eliminacyjna w fenyloketonurii - skondensowany, porcjowany preparat w proszku, przeznaczony dla dzieci od 6 m-ca z. do 10 r.z.","500,00","525,00","550,63","550,63",Fenyloketonuria,,ryczałt,"3,20"
69,Dieta eliminacyjna w fenyloketonurii,"PKU GMPro (o smaku waniliowym), proszek","532,8 g (33,3 x 16 saszetek)",8716900590252,2021-09-01,2 lata,"216.23, Diety eliminacyjne w fenyloketonurii - produkty z glikomakropeptydami (GMP)","315,00","330,75","351,52","351,52","Fenyloketonuria (PKU) u pacjentów powyżej 12 roku życia, u których dobowa tolerancja fenyloalaniny pozwala na zastosowanie preparatów glikomakropeptydowych",,ryczałt,"3,20"
70,Dieta eliminacyjna w fenyloketonurii,"PKU Lophlex LQ (Berries), płyn doustny, 125 ml",3750 ml (30 x 125 ml),5016533647686,2022-11-01,3 lata,"216.19, Diety eliminacyjne w fenyloketonurii, skondensowane, porcjowane, w płynie, przeznaczone dla pacjentów powyżej 4 r.ż., dorosłych, w tym kobiet w ciąży","926,00","972,30","1009,11","1009,11",Fenyloketonuria,,ryczałt,"3,20"
71,Dieta eliminacyjna w fenyloketonurii,"PKU Lophlex LQ (Berries), płyn doustny, 62.5 ml","3750 ml (60 x 62,5 ml)",5016533647693,2022-11-01,3 lata,"216.19, Diety eliminacyjne w fenyloketonurii, skondensowane, porcjowane, w płynie, przeznaczone dla pacjentów powyżej 4 r.ż., dorosłych, w tym kobiet w ciąży","926,00","972,30","1009,11","1009,11",Fenyloketonuria,,ryczałt,"3,20"
72,Dieta eliminacyjna w fenyloketonurii,"PKU Lophlex LQ (Citrus), płyn doustny, 125 ml",3750 ml (30 x 125 ml),5016533647747,2022-11-01,3 lata,"216.19, Diety eliminacyjne w fenyloketonurii, skondensowane, porcjowane, w płynie, przeznaczone dla pacjentów powyżej 4 r.ż., dorosłych, w tym kobiet w ciąży","926,00","972,30","1009,11","1009,11",Fenyloketonuria,,ryczałt,"3,20"
73,Dieta eliminacyjna w fenyloketonurii,"PKU Lophlex LQ (Citrus), płyn doustny, 62.5 ml","3750 ml (60 x 62,5 ml)",5016533647754,2022-11-01,3 lata,"216.19, Diety eliminacyjne w fenyloketonurii, skondensowane, porcjowane, w płynie, przeznaczone dla pacjentów powyżej 4 r.ż., dorosłych, w tym kobiet w ciąży","926,00","972,30","1009,11","1009,11",Fenyloketonuria,,ryczałt,"3,20"
74,Dieta eliminacyjna w fenyloketonurii,"PKU Lophlex LQ (Orange), płyn doustny, 125 ml",3750 ml (30 x 125 ml),5016533647716,2022-11-01,3 lata,"216.19, Diety eliminacyjne w fenyloketonurii, skondensowane, porcjowane, w płynie, przeznaczone dla pacjentów powyżej 4 r.ż., dorosłych, w tym kobiet w ciąży","926,00","972,30","1009,11","1009,11",Fenyloketonuria,,ryczałt,"3,20"
75,Dieta eliminacyjna w fenyloketonurii,"PKU Lophlex LQ (Orange), płyn doustny, 62.5 ml","3750 ml (60 x 62,5 ml)",5016533647723,2022-11-01,3 lata,"216.19, Diety eliminacyjne w fenyloketonurii, skondensowane, porcjowane, w płynie, przeznaczone dla pacjentów powyżej 4 r.ż., dorosłych, w tym kobiet w ciąży","926,00","972,30","1009,11","1009,11",Fenyloketonuria,,ryczałt,"3,20"
76,Dieta eliminacyjna w fenyloketonurii,"PKU Lophlex LQ (Tropical), płyn doustny, 125 ml",3750 ml (30 x 125 ml),5016533647778,2022-11-01,3 lata,"216.19, Diety eliminacyjne w fenyloketonurii, skondensowane, porcjowane, w płynie, przeznaczone dla pacjentów powyżej 4 r.ż., dorosłych, w tym kobiet w ciąży","926,00","972,30","1009,11","1009,11",Fenyloketonuria,,ryczałt,"3,20"
77,Dieta eliminacyjna w fenyloketonurii,"PKU Lophlex LQ (Tropical), płyn doustny, 62.5 ml","3750 ml (60 x 62,5 ml)",5016533647785,2022-11-01,3 lata,"216.19, Diety eliminacyjne w fenyloketonurii, skondensowane, porcjowane, w płynie, przeznaczone dla pacjentów powyżej 4 r.ż., dorosłych, w tym kobiet w ciąży","926,00","972,30","1009,11","1009,11",Fenyloketonuria,,ryczałt,"3,20"
78,Dieta eliminacyjna w fenyloketonurii,"PKU Lophlex Select (herbata brzoskwiniowa), płyn doustny, 125 ml",3750 ml (30 x 125 ml),8716900591631,2023-03-01,3 lata,"216.19, Diety eliminacyjne w fenyloketonurii, skondensowane, porcjowane, w płynie, przeznaczone dla pacjentów powyżej 4 r.ż., dorosłych, w tym kobiet w ciąży","926,00","972,30","1009,11","1009,11",Fenyloketonuria,,ryczałt,"3,20"
79,Dieta eliminacyjna w fenyloketonurii,"PKU Lophlex Select (herbata miętowa), płyn doustny, 125 ml",3750 ml (30 x 125 ml),8716900591648,2023-03-01,3 lata,"216.19, Diety eliminacyjne w fenyloketonurii, skondensowane, porcjowane, w płynie, przeznaczone dla pacjentów powyżej 4 r.ż., dorosłych, w tym kobiet w ciąży","926,00","972,30","1009,11","1009,11",Fenyloketonuria,,ryczałt,"3,20"
80,Dieta eliminacyjna w fenyloketonurii,"PKU Sphere 15 o smaku czerwonych owoców, proszek, 15 g białka",30 saszetek po 27 g,5060385940105,2022-01-01,2 lata,"216.25, Diety eliminacyjne w fenyloketonurii - produkty z glikomakropeptydami (GMP) dla pacjentów powyżej 4 r.ż.","1410,00","1480,50","1527,51","1520,39","Fenyloketonuria (PKU) u pacjentów powyżej 4 roku życia, u których dobowa tolerancja fenyloalaniny pozwala na zastosowanie preparatów glikomakropeptydowych",,ryczałt,"10,32"
81,Dieta eliminacyjna w fenyloketonurii,"PKU Sphere 15 o smaku waniliowym, proszek, 15 g białka",30 saszetek po 27 g,5060385940112,2022-01-01,2 lata,"216.25, Diety eliminacyjne w fenyloketonurii - produkty z glikomakropeptydami (GMP) dla pacjentów powyżej 4 r.ż.","1410,00","1480,50","1527,51","1520,39","Fenyloketonuria (PKU) u pacjentów powyżej 4 roku życia, u których dobowa tolerancja fenyloalaniny pozwala na zastosowanie preparatów glikomakropeptydowych",,ryczałt,"10,32"
82,Dieta eliminacyjna w fenyloketonurii,"PKU Sphere 20 o smaku czerwonych owoców, proszek, 20 g białka",30 saszetek po 35 g,5060014059840,2022-01-01,2 lata,"216.25, Diety eliminacyjne w fenyloketonurii - produkty z glikomakropeptydami (GMP) dla pacjentów powyżej 4 r.ż.","1880,00","1974,00","2027,18","2027,18","Fenyloketonuria (PKU) u pacjentów powyżej 4 roku życia, u których dobowa tolerancja fenyloalaniny pozwala na zastosowanie preparatów glikomakropeptydowych",,ryczałt,"3,20"
83,Dieta eliminacyjna w fenyloketonurii,"PKU Sphere 20 o smaku waniliowym, proszek, 20 g białka",30 saszetek po 35 g,5060014059857,2022-01-01,2 lata,"216.25, Diety eliminacyjne w fenyloketonurii - produkty z glikomakropeptydami (GMP) dla pacjentów powyżej 4 r.ż.","1880,00","1974,00","2027,18","2027,18","Fenyloketonuria (PKU) u pacjentów powyżej 4 roku życia, u których dobowa tolerancja fenyloalaniny pozwala na zastosowanie preparatów glikomakropeptydowych",,ryczałt,"3,20"
84,Dieta eliminacyjna w fenyloketonurii,"XP Analog LCP, proszek do sporządzania roztworu doustnego",400 g,5016533644456,2022-01-01,3 lata,"216.4, Dieta eliminacyjna w fenyloketonurii nieskondensowana, z długołańcuchowymi kwasami tłuszczowymi i prebiotykami - przeznaczona dla niemowląt i jako uzupełnienie diety u dzieci do 3 r.ż.","124,15","130,36","145,38","145,38",Fenyloketonuria,,ryczałt,"3,20"
85,Dieta eliminacyjna w fenyloketonurii,"XP Maxamum o smaku pomarańczowym, proszek do sporządzania zawiesiny doustnej",1500 g (30 x 50 g),5016533620368,2022-01-01,3 lata,"216.17, Dieta eliminacyjna w fenyloketonurii, porcjowana - przeznaczona dla pacjentów powyżej 8 r.ż., w tym dla kobiet w ciąży","836,55","878,38","912,84","912,84",Fenyloketonuria,,ryczałt,"3,20"
86,Dieta eliminacyjna z MCT,"Bebilon pepti MCT, proszek do sporządzania roztworu doustnego, 2155 kJ/100 g",450 g,8718117600625,2022-01-01,3 lata,"217.4, Diety eliminacyjne z MCT","32,50","34,13","41,75","41,75","Zespoły wrodzonych defektów metabolicznych, alergie pokarmowe i biegunki przewlekłe",,30%,"12,53"
87,Dieta kompletna zawierająca TGF-beta 2,"Modulen IBD, proszek",400 g,7613035091399,2021-07-01,3 lata,"246.0, Dieta kompletna zawierająca TGF-beta 2 (transformujący czynnik wzrostu beta-2) w indukcji remisji u dzieci i młodzieży powyżej 5 roku życia z czynną postacią choroby Leśniowskiego-Crohna","49,30","51,77","61,45","61,45",Indukcja remisji u dzieci i młodzieży powyżej 5 roku życia z czynną postacią choroby Leśniowskiego-Crohna,,ryczałt,"3,20"
88,Dieta wysokoenergetyczna,"Fortimel Max o smaku truskawkowym, płyn",4 but.po 300 ml,8716900553578,2021-09-01,3 lata,"217.5, Dieta stosowana w mukowiscydozie","41,50","43,58","52,44","52,44",Mukowiscydoza,,ryczałt,"3,20"
89,Dieta wysokoenergetyczna,"Fortimel Max o smaku waniliowym, płyn",4 but.po 300 ml,8716900553486,2021-09-01,3 lata,"217.5, Dieta stosowana w mukowiscydozie","41,50","43,58","52,44","52,44",Mukowiscydoza,,ryczałt,"3,20"